Main,Sub,SubSub,CuisineLink,Depth,MentionedFoods
African cuisine,Central African cuisine,,Angolan_cuisine,1,"['Pork', 'Milk', 'Shrimp and prawn', 'Rice', 'Fish', 'Meat', 'Ice cream', 'Corn', 'Spinach', 'Pudding', 'Seafood', 'Banana', 'Fruits', 'Bread', 'Stew', 'Cake']"
African cuisine,Central African cuisine,,Cameroonian_cuisine,1,"['Pork', 'Fish', 'Meat', 'Kebab', 'Corn', 'Spinach', 'Beef', 'Ham', 'Soup', 'Banana', 'Stew', 'Cake', 'Orange']"
African cuisine,Central African cuisine,,Chadian_cuisine,1,"['Pork', 'Milk', 'Pineapple', 'Rice', 'Butter', 'Fish', 'Grains', 'Breakfast cereal', 'Meat', 'Beef', 'Pancake', 'Banana', 'Fruits', 'Cereal', 'Mango', 'Bread', 'Goat milk', 'Stew', 'Carrot']"
African cuisine,Central African cuisine,,Congolese_cuisine,1,"['Pork', 'Rice', 'Butter', 'Fried rice', 'Fish', 'Meat', 'Kebab', 'Corn', 'Beef', 'Soup', 'Pudding', 'Banana', 'Fruits', 'Bread', 'Stew']"
African cuisine,Central African cuisine,,Centrafrican_cuisine,1,"['Milk', 'Sandwiches', 'Pineapple', 'Rice', 'Butter', 'Fish', 'Meat', 'Spinach', 'Beef', 'Ham', 'Soup', 'Banana', 'Bread', 'Stew']"
African cuisine,Central African cuisine,,Cuisine_of_Equatorial_Guinea,1,"['Rice', 'Omelette', 'Fish', 'Corn', 'Soup', 'Banana', 'Fruits', 'Mango', 'Chocolate', 'Stew']"
African cuisine,Central African cuisine,,Gabonese_cuisine,1,"['Pineapple', 'Avocado', 'Rice', 'Butter', 'Fish', 'Meat', 'Corn', 'Seafood', 'Banana', 'Fruits', 'Mango', 'Bread', 'Stew']"
African cuisine,Central African cuisine,,Cuisine_of_São_Tomé_and_Príncipe,1,"['Pork', 'Shrimp and prawn', 'Pineapple', 'Avocado', 'Rice', 'Omelette', 'Fish', 'Grains', 'Meat', 'Corn', 'Spinach', 'Poultry', 'Pudding', 'Seafood', 'Banana', 'French fries', 'Mango', 'Bread', 'Chocolate', 'Stew']"
African cuisine,East African cuisine,,Burundian_cuisine,1,"['Sausage', 'Fish', 'Meat', 'Cabbage', 'Corn', 'Soup', 'Banana', 'Fruits', 'Cereal', 'Curry']"
African cuisine,East African cuisine,,Comorian_cuisine,1,"['Pork', 'Milk', 'Rice', 'Fish', 'Meat', 'Spinach', 'Beef', 'Seafood', 'Banana', 'Mango', 'Vanilla', 'Cake']"
African cuisine,East African cuisine,,Djiboutian_cuisine,1,"['Milk', 'Steak', 'Rice', 'Fish', 'Meat', 'Corn', 'Beef', 'Pancake', 'Soup', 'Banana', 'Fruits', 'Mango', 'Bread', 'Pasta', 'Stew']"
African cuisine,East African cuisine,,Eritrean_cuisine,1,"['Milk', 'Butter', 'Fish', 'Pizza', 'Meat', 'Corn', 'Spinach', 'Beef', 'Pancake', 'Yogurt', 'Seafood', 'Bolognese sauce', 'Flatbread', 'Bread', 'Lasagna', 'Pasta', 'Stew', 'Spaghetti', 'Curry']"
African cuisine,East African cuisine,,Ethiopian_cuisine,1,"['Pork', 'Milk', 'Cheese', 'Butter', 'Eggs', 'Fish', 'Grains', 'Meat', 'Cabbage', 'Corn', 'Beef', 'Pancake', 'Yogurt', 'Banana', 'Feta', 'Flatbread', 'Cereal', 'Bread', 'Pasta', 'Pretzel', 'Stew', 'Popcorn', 'Carrot', 'Orange']"
African cuisine,East African cuisine,,Ethiopian_Jewish_cuisine,2,"['Pork', 'Milk', 'Butter', 'Eggs', 'Fish', 'Meat', 'Flatbread', 'Bread', 'Stew', 'Curry']"
African cuisine,East African cuisine,,Kenyan_cuisine,1,"['Rice', 'Fish', 'Grains', 'Meat', 'Spinach', 'Beef', 'Seafood', 'Flatbread', 'Bread', 'Stew']"
African cuisine,East African cuisine,,Maasai_cuisine,1,"['Milk', 'Rice', 'Butter', 'Meat', 'Cabbage', 'Fruits']"
African cuisine,East African cuisine,,Malagasy_cuisine,1,"['Pork', 'Milk', 'Pear', 'Pineapple', 'Wonton', 'Avocado', 'Rice', 'Persimmon', 'Eggs', 'Fried rice', 'Bok choy', 'Fish', 'Meat', 'Cabbage', 'Ice cream', 'Corn', 'Croissant', 'Beef', 'Biryani', 'Poultry', 'Soup', 'Pudding', 'Seafood', 'Banana', 'Fruits', 'Mango', 'Bread', 'Watermelon', 'Baguette', 'Chocolate', 'Egg roll', 'Vanilla', 'Stew', 'Curry', 'Cake', 'Orange']"
African cuisine,East African cuisine,,Malawian_cuisine,1,"['Banana bread', 'Rice', 'Butter', 'Fish', 'Meat', 'Corn', 'Banana', 'Bread', 'Salmon']"
African cuisine,East African cuisine,,Mauritian_cuisine,1,"['Duck', 'Pork', 'Fried egg', 'Milk', 'Shrimp and prawn', 'Pineapple', 'Wonton', 'Dumplings', 'Rice', 'Chinese red eggs', 'Eggs', 'Mooncake', 'Fried rice', 'Meatball', 'Fish', 'Meat', 'Cabbage', 'Ice cream', 'Corn', 'Croissant', 'Beef', 'Ham', 'Biryani', 'Poultry', 'Soup', 'Pudding', 'Strawberry', 'Seafood', 'Soy egg', 'Peking duck', 'Flatbread', 'Shaved ice', 'Bread', 'Baguette', 'Chocolate', 'Vanilla', 'Stew', 'Jam', 'Spring roll', 'Curry', 'Cake']"
African cuisine,East African cuisine,,Mozambican_cuisine,1,"['Milk', 'Rice', 'Fish', 'Meat', 'Corn', 'Seafood', 'Stew', 'Curry', 'Cake']"
African cuisine,East African cuisine,,Rwandan_cuisine,1,"['Milk', 'Steak', 'Rice', 'Fish', 'Meat', 'Cabbage', 'Banana', 'French fries', 'Stew']"
African cuisine,East African cuisine,,Seychellois_cuisine,1,"['Milk', 'Shark meat', 'Rice', 'Fish', 'Meat', 'Soup', 'Pudding', 'Seafood', 'Banana', 'Fruits', 'Mango', 'Vanilla', 'Curry']"
African cuisine,East African cuisine,,Somali_cuisine,1,"['Pork', 'Milk', 'Steak', 'Rice', 'Butter', 'Fish', 'Cornbread', 'Meat', 'Kebab', 'Apple', 'Beef', 'Pancake', 'Soup', 'Pudding', 'Banana', 'Cookie', 'Fruits', 'Flatbread', 'Mango', 'Bread', 'Pasta', 'Stew', 'Spaghetti', 'Curry', 'Cake', 'Orange']"
African cuisine,East African cuisine,,Sudanese_cuisine,1,"['Milk', 'Cheese', 'Butter', 'Fish', 'Meat', 'Kebab', 'Beef', 'Pancake', 'Soup', 'Bread', 'Stew']"
African cuisine,East African cuisine,,South_Sudanese_cuisine,1,"['Butter', 'Fish', 'Meat', 'Spinach', 'Beef', 'Pancake', 'Soup', 'Flatbread', 'Stew']"
African cuisine,East African cuisine,,Tanzanian_cuisine,1,"['Milk', 'Rice', 'Fish', 'Meat', 'Kebab', 'Beef', 'Biryani', 'Soup', 'Seafood', 'Flatbread', 'Bread', 'Stew']"
African cuisine,East African cuisine,,Zanzibari_cuisine,2,"['Pineapple', 'Steak', 'Rice', 'Fish', 'Meat', 'Biryani', 'Seafood', 'Mango', 'Curry', 'Cake']"
African cuisine,East African cuisine,,Ugandan_cuisine,1,"['Pork', 'Pineapple', 'Rice', 'Eggs', 'Fish', 'Meat', 'Cabbage', 'Beef', 'Pancake', 'Banana', 'Fruits', 'Bread', 'Stew', 'Curry']"
African cuisine,East African cuisine,,Zambian_cuisine,1,"['Fish', 'Meat', 'Corn', 'Beef', 'Banana', 'Stew']"
African cuisine,East African cuisine,,Zimbabwean_cuisine,1,"['Pork', 'Milk', 'Sandwiches', 'Rice', 'Butter', 'Sausage', 'Fish', 'Meat', 'Spinach', 'Beef', 'Banana', 'French fries', 'Cereal', 'Pasta', 'Jam', 'Gravy']"
African cuisine,North African cuisine,,Algerian_cuisine,1,"['Pork', 'Milk', 'Sandwiches', 'Shrimp and prawn', 'Omelette', 'Cheese', 'Butter', 'Sausage', 'Eggs', 'Fish', 'Pizza', 'Grains', 'Mashed potatoes', 'Meat', 'Corn', 'Croissant', 'Beef', 'Cherry', 'Poultry', 'Soup', 'Seafood', 'Pie', 'Fruits', 'French fries', 'Flatbread', 'Cereal', 'Bread', 'Watermelon', 'Pasta', 'Baguette', 'Pretzel', 'Stew', 'Jam', 'Orange']"
African cuisine,North African cuisine,,Berber_cuisine,1,"['Milk', 'Cheese', 'Butter', 'Meat', 'Corn']"
African cuisine,North African cuisine,,Egyptian_cuisine,1,"['Duck', 'Pork', 'Milk', 'Sandwiches', 'Steak', 'Turnover', 'Rice', 'Apricot', 'Omelette', 'Cheese', 'Butter', 'Sausage', 'Eggs', 'Donuts', 'Fish', 'Grains', 'Meat', 'Kebab', 'Cabbage', 'Ice cream', 'Corn', 'Spinach', 'Beef', 'Pancake', 'Poultry', 'Yogurt', 'Soup', 'Pudding', 'Strawberry', 'Seafood', 'Banana', 'Fruits', 'Parfait', 'Feta', 'Cereal', 'Mango', 'Bread', 'Lasagna', 'Pasta', 'Baguette', 'Vanilla', 'Stew', 'Orange']"
African cuisine,North African cuisine,,Libyan_cuisine,1,"['Pork', 'Milk', 'Sandwiches', 'Turnover', 'Rice', 'Apricot', 'Cheese', 'Butter', 'Minestrone', 'Eggs', 'Boiled egg', 'Fish', 'Grains', 'Meat', 'Kebab', 'Cabbage', 'Almond biscuit', 'Beef', 'Poultry', 'Soup', 'Pudding', 'Seafood', 'Cookie', 'Fruits', 'Flatbread', 'Mango', 'Bread', 'Pasta', 'Chocolate', 'Stew', 'Jam', 'Gravy', 'Orange']"
African cuisine,North African cuisine,,Moroccan_cuisine,1,"['Pork', 'Shrimp and prawn', 'Rice', 'Butter', 'Eggs', 'Bacon', 'Fish', 'Grains', 'Meat', 'Croissant', 'Spinach', 'Beef', 'Pancake', 'Soup', 'Seafood', 'Fruits', 'Bread', 'Pretzel', 'Orange']"
African cuisine,North African cuisine,,Tunisian_cuisine,1,"['Pork', 'Rice', 'Apricot', 'Cheese', 'Butter', 'Sausage', 'Eggs', 'Bacon', 'Donuts', 'Fish', 'Pizza', 'Grains', 'Meat', 'Apple', 'Spinach', 'Beef', 'Soup', 'Poached egg', 'Pudding', 'Seafood', 'Mayonnaise', 'Fruits', 'French fries', 'Cereal', 'Scrambled egg', 'Bread', 'Pasta', 'Stew', 'Gravy', 'Cake', 'Carrot', 'Orange']"
African cuisine,North African cuisine,,Western_Saharan_cuisine,1,"['Milk', 'Rice', 'Cheese', 'Butter', 'Fish', 'Meat', 'Fruits', 'Cereal', 'Bread', 'Goat milk', 'Stew']"
African cuisine,Southern African cuisine,,Botswana_cuisine,1,"['Milk', 'Dumplings', 'Rice', 'Fish', 'Meat', 'Cabbage', 'Spinach', 'Beef', 'Fruits', 'Cereal', 'Bread', 'Watermelon', 'Carrot']"
African cuisine,Southern African cuisine,,Cuisine_of_Eswatini,1,"['Milk', 'Sandwiches', 'Rice', 'Meat', 'Corn', 'Beef', 'Stew']"
African cuisine,Southern African cuisine,,Cuisine_of_Lesotho,1,"['Rice', 'Meat', 'Kebab', 'Corn', 'Stew', 'Carrot']"
African cuisine,Southern African cuisine,,Namibian_cuisine,1,"['Milk', 'Meat', 'Bread']"
African cuisine,Southern African cuisine,,South_African_cuisine,1,"['Milk', 'Sandwiches', 'Steak', 'Rice', 'Apricot', 'Cheese', 'Butter', 'Sausage', 'Eggs', 'Bacon', 'Meatball', 'Fish', 'Pizza', 'Grains', 'Meat', 'Kebab', 'Cabbage', 'Corn', 'Spinach', 'Beef', 'Biryani', 'Yogurt', 'Pot pie', ""McDonald's"", 'Peach', 'Pudding', 'Banana', 'Pie', 'Fruits', 'French fries', 'Ribs', 'Chicken feet', 'Bread', 'Pasta', 'Chocolate', 'Vanilla', 'Stew', 'Jam', 'Curry', 'Gravy', 'Cake']"
African cuisine,Southern African cuisine,,Afrikaner_cuisine,2,"['Milk', 'Sandwiches', 'Steak', 'Rice', 'Apricot', 'Cheese', 'Butter', 'Sausage', 'Eggs', 'Bacon', 'Meatball', 'Fish', 'Pizza', 'Grains', 'Meat', 'Kebab', 'Cabbage', 'Corn', 'Spinach', 'Beef', 'Biryani', 'Yogurt', 'Pot pie', ""McDonald's"", 'Peach', 'Pudding', 'Banana', 'Pie', 'Fruits', 'French fries', 'Ribs', 'Chicken feet', 'Bread', 'Pasta', 'Chocolate', 'Vanilla', 'Stew', 'Jam', 'Curry', 'Gravy', 'Cake']"
African cuisine,West African cuisine,,Benin_cuisine,1,"['Pork', 'Kiwifruit', 'Milk', 'Pineapple', 'Dumplings', 'Avocado', 'Rice', 'Cheese', 'Fish', 'Meat', 'Corn', 'Beef', 'Soup', 'Banana', 'Fruits', 'Mango', 'Cake', 'Orange']"
African cuisine,West African cuisine,,Burkinabé_cuisine,1,"['Rice', 'Fish', 'Grains', 'Meat', 'Cabbage', 'Corn', 'Spinach', 'Beef', 'Yogurt', 'Soup', 'Stew', 'Carrot']"
African cuisine,West African cuisine,,Cape_Verdean_cuisine,1,"['Pork', 'Milk', 'Steak', 'Rice', 'Cheese', 'Butter', 'Eggs', 'Fish', 'Meat', 'Corn', 'Beef', 'Ham', 'Soup', 'Seafood', 'Banana', 'Stew', 'Jam', 'Cake']"
African cuisine,West African cuisine,,Gambian_cuisine,1,"['Fried egg', 'Milk', 'Jamaican patty', 'Rice', 'Butter', 'Boiled egg', 'Fish', 'Meat', 'Cabbage', 'Corn', 'Spinach', 'Beef', 'Yogurt', 'Soup', 'Seafood', 'Pie', 'Mayonnaise', 'Mango', 'Bread', 'Baguette', 'Chocolate', 'Vanilla', 'Stew', 'Cake', 'Carrot']"
African cuisine,West African cuisine,,Ghanaian_cuisine,1,"['Duck', 'Tomato soup', 'Pork', 'Milk', 'Shrimp and prawn', 'Pineapple', 'Avocado', 'Jamaican patty', 'Rice', 'Cheese', 'Butter', 'Sausage', 'Eggs', 'Boiled egg', 'Fried rice', 'Fish', 'Soy milk', 'Grains', 'Meat', 'Kebab', 'Ice cream', 'Corn', 'Croissant', 'Spinach', 'Beef', 'Yogurt', 'Soup', 'Seafood', 'Banana', 'Pie', 'Cereal', 'Bread', 'Baguette', 'Chocolate', 'Stew', 'Spaghetti', 'Curry', 'Gravy', 'Cake', 'Orange']"
African cuisine,West African cuisine,,Guinean_cuisine,1,"['Milk', 'Rice', 'Cheese', 'Butter', 'Fish', 'Corn', 'Banana', 'Pie', 'Mango', 'Bread', 'Stew', 'Pumpkin pie', 'Cake']"
African cuisine,West African cuisine,,Guinea-Bissauan_cuisine,1,"['Milk', 'Rice', 'Fish', 'Soup', 'Fruits', 'Cereal', 'Stew']"
African cuisine,West African cuisine,,Ivorian_cuisine,1,"['Pork', 'Shrimp and prawn', 'Pineapple', 'Rice', 'Boiled egg', 'Fish', 'Grains', 'Meat', 'Corn', 'Soup', 'Seafood', 'Banana', 'Fruits', 'Mango', 'Vanilla', 'Stew', 'Orange']"
African cuisine,West African cuisine,,Liberian_cuisine,1,"['Banana bread', 'Rice', 'Butter', 'Fish', 'Cornbread', 'Meat', 'Cabbage', 'Beef', 'Soup', 'Banana', 'Fruits', 'Bread', 'Stew']"
African cuisine,West African cuisine,,Malian_cuisine,1,"['Rice', 'Butter', 'Boiled egg', 'Grains', 'Meat', 'Spinach', 'Beef', 'Cereal', 'Mango', 'Stew']"
African cuisine,West African cuisine,,Mauritanian_cuisine,1,"['Milk', 'Steak', 'Rice', 'Cheese', 'Fish', 'Meat', 'Soup', 'French fries', 'Stew']"
African cuisine,West African cuisine,,Cuisine_of_Niger,1,"['Dumplings', 'Rice', 'Fish', 'Grains', 'Meat', 'Beef', 'Yogurt', 'Soup', 'Mango', 'Stew']"
African cuisine,West African cuisine,,Nigerian_cuisine,1,"['Milk', 'Shrimp and prawn', 'Pineapple', 'Rice', 'Cheese', 'Butter', 'Eggs', 'Fried rice', 'Fish', 'Soy milk', 'Meat', 'Cabbage', 'Corn', 'Spinach', 'Beef', 'Poultry', 'Yogurt', 'Soup', 'Pudding', 'Cow milk', 'Seafood', 'Banana', 'Pie', 'Cookie', 'Fruits', 'Mango', 'Bread', 'Watermelon', 'Stew', 'Curry', 'Cake', 'Orange']"
African cuisine,West African cuisine,,Cuisine_of_Saint_Helena,1,"['Rice', 'Eggs', 'Fish', 'Meat', 'Pudding', 'Banana', 'Stew', 'Curry', 'Cake']"
African cuisine,West African cuisine,,Senegalese_cuisine,1,"['Pork', 'Fried egg', 'Milk', 'Rice', 'Butter', 'Eggs', 'Fish', 'Grains', 'Meat', 'Cabbage', 'Beef', 'Yogurt', 'Soup', 'Pudding', 'Cookie', 'French fries', 'Mango', 'Bread', 'Stew', 'Orange']"
African cuisine,West African cuisine,,Cuisine_of_Sierra_Leone,1,"['Pork', 'Dumplings', 'Rice', 'Fish', 'Meat', 'Beef', 'Soup', 'Banana', 'Fruits', 'Stew', 'Orange']"
African cuisine,West African cuisine,,Togolese_cuisine,1,"['Pork', 'Shrimp and prawn', 'Avocado', 'Rice', 'Boiled egg', 'Fish', 'Meat', 'Corn', 'Spinach', 'Beef', 'Pancake', 'Soup', 'Seafood', 'Banana', 'Bread', 'Baguette', 'Cake']"
Cuisine of the Americas,,,Latin_American_cuisine,1,"['Pork', 'Fried egg', 'Milk', 'Sandwiches', 'Shrimp and prawn', 'Pineapple', 'Tamale', 'Dumplings', 'Avocado', 'Rice', 'Cheese', 'Fish', 'Pizza', 'Cornbread', 'Grains', 'Meat', 'Cabbage', 'Corn', 'Spinach', 'Beef', 'Lomo Saltado', 'Poultry', 'Yogurt', 'Soup', 'Pudding', 'Seafood', 'Banana', 'Mayonnaise', 'Fruits', 'French fries', 'Flatbread', 'Processed cheese', 'Chicken soup', 'Mango', 'Bread', 'Pasta', 'Chocolate', 'Alfajor', 'Stew', 'Pupusa', 'Arepa', 'Taco', 'Cake', 'Carrot']"
Cuisine of the Americas,,,Native_American_cuisine,1,"['Duck', 'Pork', 'Milk', 'Pear', 'Pineapple', 'Tamale', 'Dumplings', 'Avocado', 'Rice', 'Persimmon', 'Cheese', 'Butter', 'Eggs', 'Fish', 'Cornbread', 'Meat', 'Apple', 'Ice cream', 'Corn', 'Blueberry', 'Cranberry', 'Beef', 'Cherry', 'Soup', 'Peach', 'Raspberry', 'Pudding', 'Strawberry', 'Seafood', 'Banana', 'Fruits', 'Flatbread', 'Bread', 'Chocolate', 'Vanilla', 'Stew', 'Pupusa', 'Arepa', 'Taco', 'Salmon', 'Popcorn', 'Blackberry', 'Cake', 'Carrot', 'Orange']"
Cuisine of the Americas,,,Tlingit_cuisine,2,"['Pork', 'Rice', 'Eggs', 'Fish', 'Pizza', 'Grains', 'Meat', 'Ice cream', 'Beef', 'Soup', 'Raspberry', 'Seafood', 'Salmon']"
Cuisine of the Americas,North American cuisine,,Bermudian_cuisine,1,"['Pork', 'Shark meat', 'Avocado', 'Rice', 'Butter', 'Eggs', 'Bacon', 'Boiled egg', 'Fish', 'Buffalo wing', 'Meat', 'Cabbage', 'Ice cream', 'Corn', 'Beef', 'Pudding', 'Seafood', 'Banana', 'Pie', 'Mayonnaise', 'Fruits', 'Chowder', 'Bread', 'Watermelon', 'Chocolate', 'Curry', 'Cake', 'Toast', 'Orange']"
Cuisine of the Americas,North American cuisine,,Canadian_cuisine,1,"['Pork', 'Mint chocolate', 'Burrito', 'Milk', 'Hardtack', 'Pear', 'Sandwiches', 'Shrimp and prawn', 'Pineapple', 'Wonton', 'Dumplings', 'Avocado', 'Steak', 'Rice', 'Apricot', 'Cheese', 'Butter', 'Pierogi', 'Sausage', 'Eggs', 'Parmesan', 'Bacon', 'Donuts', 'Hawaiian pizza', 'Fried rice', 'Fish', 'Pizza', 'Cracker', 'Mashed potatoes', 'Wagyu', 'Breakfast cereal', 'Tim Hortons', 'Meat', 'Kebab', 'Cabbage', 'Apple', 'Ice cream', 'Corn', 'Spinach', 'Blueberry', 'Cranberry', 'Beef', 'Ham', 'Pancake', 'Cherry', 'bagel', 'Poultry', 'Yogurt', 'Pepperoni', 'Soup', 'Raspberry', 'Pudding', 'Strawberry', 'Seafood', 'Pie', 'Mayonnaise', 'Cookie', 'Fruits', 'Butter chicken', 'French fries', 'Ribs', 'Flatbread', 'Cereal', 'Sushi', 'Chowder', 'California roll', 'Poutine', 'Bread', 'Pasta', 'Pizza Margherita', 'Chocolate', 'Hot dog', 'Corn chowder', 'Vanilla', 'Stew', 'Jam', 'Spaghetti', 'Tiger tail ice cream', 'Taco', 'Mozzarella', 'Salmon', 'Sauerkraut', 'Curry', 'Gravy', 'Cake', 'Cheesecake', 'Toast', 'Orange', 'Cheddar cheese']"
Cuisine of the Americas,North American cuisine,,Canadian_Chinese_cuisine,2,"['Pork', 'Wonton', 'Dumplings', 'Chicken balls', 'Butter', 'Pierogi', 'Eggs', 'Fish', 'Pizza', 'Meat', 'Cabbage', 'Beef', 'Seafood', 'Pie', 'French fries', 'Ribs', 'Bread', 'Congee', 'Cake', 'Carrot', 'Orange']"
Cuisine of the Americas,North American cuisine,,Cuisine_of_the_Maritimes,2,"['Pork', 'Milk', 'Cheese', 'Butter', 'Bacon', 'Fish', 'Meat', 'Cabbage', 'Corn', 'Blueberry', 'Beef', 'Poultry', 'Soup', 'Seafood', 'Pie', 'Poutine', 'Bread', 'Stew']"
Cuisine of the Americas,North American cuisine,,Cuisine_of_Quebec,2,"['Duck', 'Pork', 'Kiwifruit', 'Burrito', 'Milk', 'Pear', 'Sandwiches', 'Shrimp and prawn', 'Pineapple', 'Avocado', 'Steak', 'Rice', 'Cheese', 'Hamburgers', 'Butter', 'Sausage', 'Eggs', 'Bacon', 'Meatball', 'Fish', 'Pizza', 'Grains', 'Mashed potatoes', 'Meat', 'Cabbage', 'Apple', 'Blue cheese', 'Ice cream', 'Corn', 'Croissant', 'Spinach', 'Blueberry', 'Cranberry', 'Beef', 'Ham', 'Pancake', 'Cherry', 'Charcuterie', 'bagel', 'Poultry', 'Soup', 'Raspberry', 'Pudding', 'Strawberry', 'Seafood', 'Banana', 'Onion rings', 'Pie', 'Fruits', 'Mac and Cheese', 'Bolognese sauce', 'Grilled Cheese', 'French fries', 'Chocolate cake', 'Cereal', 'Sushi', 'Carrot cake', 'Chowder', 'Poutine', 'Mango', 'Bread', 'Lasagna', 'Watermelon', 'Dragonfruit', 'Asparagus', 'Chocolate', 'Hot dog', 'Stew', 'Spaghetti', 'Salmon', 'Blackberry', 'Cantaloupe', 'Curry', 'Gravy', 'Cake', 'Toast', 'Carrot', 'Orange']"
Cuisine of the Americas,North American cuisine,,Cuisine_of_Toronto,2,[]
Cuisine of the Americas,North American cuisine,,Greenlandic_cuisine,1,"['Rice', 'Eggs', 'Fish', 'Meat', 'bagel', 'Soup', 'Seafood']"
Cuisine of the Americas,North American cuisine,,Mexican_cuisine,1,"['Duck', 'Pork', 'Burrito', 'Milk', 'Pear', 'Sandwiches', 'Pineapple', 'Tamale', 'Avocado', 'Steak', 'Rice', 'Cheese', 'Hamburgers', 'Sausage', 'Eggs', 'Bacon', 'Quesadillas', 'Fish', 'Pizza', 'Meat', 'Cabbage', 'Apple', 'Ice cream', 'Corn', 'Spinach', 'Beef', 'Ham', 'Roast chicken', 'Soup', 'Pudding', 'Seafood', 'Banana', 'Mayonnaise', 'Fruits', 'Feta', 'Sushi', 'Chicken soup', 'Mango', 'Bread', 'Pasta', 'Chocolate', 'Hot dog', 'Alfajor', 'Submarine sandwich', 'Vanilla', 'Stew', 'Taco', 'Mozzarella', 'Popcorn', 'Blackberry', 'Gravy', 'Tortilla chips', 'Cake', 'Orange']"
Cuisine of the Americas,North American cuisine,,Cuisine_of_Chiapas,2,"['Pork', 'Pineapple', 'Tamale', 'Avocado', 'Rice', 'Cheese', 'Fish', 'Meat', 'Cabbage', 'Corn', 'Beef', 'Ham', 'Soup', 'Seafood', 'Banana', 'Fruits', 'Mango', 'Bread', 'Watermelon', 'Chocolate', 'Stew']"
Cuisine of the Americas,North American cuisine,,Cuisine_of_Mexico_City,2,"['Pork', 'Rice', 'Sausage', 'Eggs', 'Boiled egg', 'Quesadillas', 'Fish', 'Meat', 'Corn', 'Beef', 'Ham', 'Roast chicken', 'Soup', 'Seafood', 'Fruits', 'Bread', 'Chocolate', 'Stew', 'Taco']"
Cuisine of the Americas,North American cuisine,,Oaxacan_cuisine,2,"['Pork', 'Milk', 'Tamale', 'Avocado', 'Cheese', 'Eggs', 'Fish', 'Meat', 'Ice cream', 'Corn', 'Beef', 'Soup', 'Seafood', 'Banana', 'Fruits', 'Bread', 'Chocolate', 'Orange']"
Cuisine of the Americas,North American cuisine,,Cuisine_of_Veracruz,2,"['Pork', 'Milk', 'Tamale', 'Avocado', 'Rice', 'Eggs', 'Fish', 'Meat', 'Ice cream', 'Corn', 'Beef', 'Soup', 'Seafood', 'Banana', 'Fruits', 'Chocolate', 'Vanilla', 'Stew']"
Cuisine of the Americas,North American cuisine,,Mesoamerican_cuisine,2,"['Duck', 'Pineapple', 'Tamale', 'Avocado', 'Rice', 'Pizza', 'Corn', 'Fruits', 'Cereal', 'Chocolate', 'Vanilla']"
Cuisine of the Americas,North American cuisine,,Ancient_Maya_cuisine,3,"['Shrimp and prawn', 'Pineapple', 'Tamale', 'Avocado', 'Quesadillas', 'Fish', 'Grains', 'Meat', 'Apple', 'Corn', 'Chocolate', 'Vanilla', 'Stew']"
Cuisine of the Americas,North American cuisine,,Aztec_cuisine,3,"['Duck', 'Pineapple', 'Tamale', 'Avocado', 'Rice', 'Eggs', 'Fish', 'Grains', 'Meat', 'Corn', 'Fruits', 'White chocolate', 'Chocolate', 'Vanilla', 'Stew', 'Popcorn', 'Cake', 'Orange']"
Cuisine of the Americas,North American cuisine,,Mexican-American_cuisine,2,"['Burrito', 'Tamale', 'Nacho', 'Rice', 'Cheese', 'Fish', 'Taquitos', 'Corn', 'Pie', 'Fruits', 'Flatbread', 'Chocolate', 'Taco', 'Tortilla chips']"
Cuisine of the Americas,North American cuisine,,Cuisine_of_California,3,"['Pork', 'Kiwifruit', 'Burrito', 'Sandwiches', 'Tamale', 'Avocado', 'Rice', 'Apricot', 'Cheese', 'Hamburgers', 'Eggs', 'Bacon', 'Fish', 'Pizza', 'Meat', 'Ice cream', 'Beef', 'Soup', ""McDonald's"", 'Peach', 'Strawberry', 'Seafood', 'Cookie', 'Fruits', 'French fries', 'Ribs', 'Sushi', 'California roll', 'Bread', 'Baguette', 'Chocolate', 'Hot dog', 'Stew', 'Pupusa', 'Taco', 'Salmon', 'Orange']"
Cuisine of the Americas,North American cuisine,,New_Mexican_cuisine,3,"['Tomato soup', 'Pork', 'Burrito', 'Fried egg', 'Milk', 'Pear', 'Shrimp and prawn', 'Tamale', 'Avocado', 'Steak', 'Turnover', 'Rice', 'Cheese', 'Hamburgers', 'Butter', 'Sausage', 'Eggs', 'Bacon', 'Meatball', 'Fish', 'Pizza', 'Cracker', 'Meat', 'Apple', 'Corn', 'Spinach', 'Beef', 'Pancake', 'bagel', 'Soup', 'Pudding', 'Seafood', 'Pie', 'Cookie', 'Fruits', 'Grilled Cheese', 'French fries', 'Flatbread', 'Bread', 'Watermelon', 'Chocolate', 'Vanilla', 'Stew', 'Jam', 'Taco', 'Tortilla chips', 'Orange', 'Cheddar cheese']"
Cuisine of the Americas,North American cuisine,,Tex-Mex_cuisine,3,"['Pork', 'Nacho', 'Cheese', 'Meat', 'Corn', 'Beef', 'Spaghetti', 'Taco', 'Tortilla chips', 'Cheddar cheese']"
Cuisine of the Americas,North American cuisine,,Tlingit_cuisine,1,"['Pork', 'Rice', 'Eggs', 'Fish', 'Pizza', 'Grains', 'Meat', 'Ice cream', 'Beef', 'Soup', 'Raspberry', 'Seafood', 'Salmon']"
Cuisine of the Americas,North American cuisine,American cuisine,Cuisine_of_the_Midwestern_United_States,1,"['Duck', 'Pork', 'Milk', 'Key lime pie', 'Sandwiches', 'Pineapple', 'Dumplings', 'Steak', 'Chili dog', 'Rice', 'Cabbage roll', 'Apricot', 'Persimmon', 'Cheese', 'Hamburgers', 'Butter', 'Apple pie', 'Pierogi', 'Sausage', 'Eggs', 'Bacon', 'Meatball', 'Fish', 'Ravioli', 'Pizza', 'Cornbread', 'Cracker', 'Mashed potatoes', 'Meat', 'Cabbage', 'Speculaas', 'Apple', 'Ice cream', 'Cream pie', 'Corn', 'Blueberry', 'Cranberry', 'Beef', 'Ham', 'Pancake', 'Cherry', 'bagel', 'Yogurt', 'Soup', ""McDonald's"", 'Peach', 'Raspberry', 'Pudding', 'Strawberry', 'Banana', 'Pie', 'Mayonnaise', 'Cookie', 'Fruits', 'Cherry pie', 'Feta', 'Grilled Cheese', 'French fries', 'Ribs', 'Flatbread', 'Cereal', 'Sushi', 'Chowder', 'Bread', 'Watermelon', 'Blue moon', 'Lebkuchen', 'Pasta', 'Asparagus', 'Chocolate', 'Hot dog', 'Corn chowder', 'Submarine sandwich', 'Pretzel', 'Stew', 'Jam', 'Spaghetti', 'Taco', 'Mozzarella', 'Salmon', 'Sauerkraut', 'Popcorn', 'Curry', 'Gravy', 'Cake', 'Cheesecake', 'Toast', 'Carrot', 'Orange']"
Cuisine of the Americas,North American cuisine,American cuisine,Cuisine_of_Chicago,2,"['Pork', 'Sandwiches', 'Tamale', 'Steak', 'Cheese', 'Sausage', 'Eggs', 'Bacon', 'Donuts', 'Fish', 'Pizza', 'Meat', 'Ice cream', 'Corn', 'Beef', 'Neapolitan ice cream', 'Strawberry', 'Banana', 'Chocolate cake', 'Ribs', 'Bread', 'Chocolate', 'Hot dog', 'Submarine sandwich', 'Vanilla', 'Mozzarella', 'Popcorn', 'Gravy', 'Cake', 'Orange', 'Cheddar cheese']"
Cuisine of the Americas,North American cuisine,American cuisine,Cuisine_of_North_Dakota,2,"['Dumplings', 'Sausage']"
Cuisine of the Americas,North American cuisine,American cuisine,Cuisine_of_Omaha,2,"['Sandwiches', 'Steak', 'Hamburgers', 'Butter', 'Pizza', 'Meat', 'Cabbage', 'Beef', 'Seafood', 'Bread', 'Spaghetti', 'Sauerkraut']"
Cuisine of the Americas,North American cuisine,American cuisine,Cuisine_of_St._Louis,2,"['Pork', 'Steak', 'Cheese', 'Butter', 'Eggs', 'Parmesan', 'Ravioli', 'Pizza', 'Beef', 'Ham', 'Mayonnaise', 'Ribs', 'Processed cheese', 'Bread', 'Pasta', 'Cake']"
Cuisine of the Americas,North American cuisine,American cuisine,Cuisine_of_Wisconsin,2,"['Pork', 'Milk', 'Sandwiches', 'Rice', 'Cheese', 'Butter', 'Sausage', 'Bacon', 'Fish', 'Meat', 'Cabbage', 'Ice cream', 'Cranberry', 'Beef', 'Cherry', 'Poultry', 'Soup', 'Strawberry', 'Onion rings', 'Pie', 'French fries', 'Poutine', 'Bread', 'Blue moon', 'Chocolate', 'Hot dog', 'Stew', 'Sauerkraut', 'Cake', 'Carrot', 'Cheddar cheese']"
Cuisine of the Americas,North American cuisine,American cuisine,Minnesotan_cuisine,2,"['Tomato soup', 'Pork', 'Milk', 'Sandwiches', 'Brie', 'Dumplings', 'Rice', 'Cabbage roll', 'Cheese', 'Butter', 'Pierogi', 'Sausage', 'Eggs', 'Bacon', 'Fish', 'Pizza', 'Grains', 'Mashed potatoes', 'Meat', 'Cabbage', 'Apple', 'Blue cheese', 'Ice cream', 'Corn', 'Spinach', 'Blueberry', 'Cranberry', 'Beef', 'Ham', 'Cherry', 'Poultry', 'Soup', 'Peach', 'Raspberry', 'Pudding', 'Strawberry', 'Pie', 'Cookie', 'Fruits', 'French fries', 'Ribs', 'Flatbread', 'Sushi', 'Chowder', 'Bread', 'Lasagna', 'Lebkuchen', 'Pasta', 'Baguette', 'Asparagus', 'Chocolate', 'Hot dog', 'Goat milk', 'Stew', 'Jam', 'Arepa', 'Mozzarella', 'Salmon', 'Sauerkraut', 'Blackberry', 'Cantaloupe', 'Gravy', 'Cake', 'Carrot', 'Cheddar cheese']"
Cuisine of the Americas,North American cuisine,American cuisine,Iron_Range_cuisine,3,"['Tomato soup', 'Pork', 'Milk', 'Sandwiches', 'Brie', 'Dumplings', 'Rice', 'Cabbage roll', 'Cheese', 'Butter', 'Pierogi', 'Sausage', 'Eggs', 'Bacon', 'Fish', 'Pizza', 'Grains', 'Mashed potatoes', 'Meat', 'Cabbage', 'Apple', 'Blue cheese', 'Ice cream', 'Corn', 'Spinach', 'Blueberry', 'Cranberry', 'Beef', 'Ham', 'Cherry', 'Poultry', 'Soup', 'Peach', 'Raspberry', 'Pudding', 'Strawberry', 'Pie', 'Cookie', 'Fruits', 'French fries', 'Ribs', 'Flatbread', 'Sushi', 'Chowder', 'Bread', 'Lasagna', 'Lebkuchen', 'Pasta', 'Baguette', 'Asparagus', 'Chocolate', 'Hot dog', 'Goat milk', 'Stew', 'Jam', 'Arepa', 'Mozzarella', 'Salmon', 'Sauerkraut', 'Blackberry', 'Cantaloupe', 'Gravy', 'Cake', 'Carrot', 'Cheddar cheese']"
Cuisine of the Americas,North American cuisine,American cuisine,Cuisine_of_New_England,2,"['Duck', 'Pork', 'Milk', 'Sandwiches', 'Steak', 'Rice', 'Cheese', 'Butter', 'Apple pie', 'Pierogi', 'Sausage', 'Eggs', 'Parmesan', 'Bacon', 'Donuts', 'Fish', 'Pizza', 'Cornbread', 'Cracker', 'Meat', 'Apple', 'Cheeseburgers', 'Ice cream', 'Cream pie', 'Corn', 'Blueberry', 'Cranberry', 'Beef', 'Ham', 'Pancake', 'Pudding', 'Strawberry', 'Seafood', 'Pie', 'Mayonnaise', 'Cookie', 'Fruits', 'Flatbread', 'Blueberry pie', 'Chicken parmesan', 'Chowder', 'Poutine', 'Bread', 'Clam Chowder', 'Asparagus', 'Chocolate', 'Hot dog', 'Chocolate chip cookie', 'Corn chowder', 'Submarine sandwich', 'Vanilla', 'Stew', 'Jam', 'Pumpkin pie', 'Salmon', 'Popcorn', 'Cake', 'Orange', 'Cheddar cheese']"
Cuisine of the Americas,North American cuisine,American cuisine,Cuisine_of_the_Mid-Atlantic_United_States,2,"['Pork', 'Sandwiches', 'Croquette', 'Steak', 'Cheese', 'Hamburgers', 'Apple pie', 'Sausage', 'Eggs', 'Buffalo wing', 'Pizza', 'Meat', 'Apple', 'Beef', 'Ham', 'Dark chocolate', 'Soup', 'Pudding', 'Pie', 'Mayonnaise', 'Cookie', 'Chowder', 'Shaved ice', 'Mango', 'Bread', 'Pasta', 'Clam Chowder', 'Chocolate', 'Hot dog', 'Vanilla', 'Pretzel', 'Stew', 'Spaghetti', 'Salmon', 'Sauerkraut', 'Cake', 'Cheesecake', 'Toast']"
Cuisine of the Americas,North American cuisine,American cuisine,Cuisine_of_New_Jersey,3,"['Pork', 'Fried egg', 'Sandwiches', 'Rice', 'Omelette', 'Cheese', 'Butter', 'Sausage', 'Eggs', 'Bacon', 'Pizza', 'Meat', 'Apple', 'Corn', 'Spinach', 'Blueberry', 'Cranberry', 'Beef', 'Ham', 'Pancake', 'Cherry', 'bagel', 'Soup', 'Peach', 'Onion rings', 'Pie', 'French fries', 'Waffle', 'Poutine', 'Bread', 'Asparagus', 'Hot dog', 'Submarine sandwich', 'Mozzarella', 'Gravy', 'Cake', 'Cheesecake', 'Toast']"
Cuisine of the Americas,North American cuisine,American cuisine,Cuisine_of_New_York_City,3,"['Pork', 'Spumoni', 'Sandwiches', 'Dumplings', 'Spaghetti and meatballs', 'Steak', 'Rice', 'Bialy', 'Cheese', 'Hamburgers', 'Sausage', 'Eggs', 'Bacon', 'Fried rice', 'Fish', 'Pizza', 'Meat', 'Kebab', 'Ice cream', 'Beef', 'Pancake', 'bagel', 'Soup', 'Seafood', 'Cookie', 'Chowder', 'Bread', 'Pasta', 'Clam Chowder', 'Chocolate', 'Hot dog', 'Submarine sandwich', 'Pretzel', 'Stew', 'Spaghetti', 'Arepa', 'Taco', 'Salmon', 'Sauerkraut', 'Cheesecake']"
Cuisine of the Americas,North American cuisine,American cuisine,Cuisine_of_the_Pennsylvania_Dutch,3,"['Pork', 'Milk', 'Dumplings', 'Rice', 'Cheese', 'Butter', 'Pierogi', 'Eggs', 'Bacon', 'Fish', 'Cracker', 'Mashed potatoes', 'Meat', 'Cabbage', 'Apple', 'Corn', 'Beef', 'Ham', 'Pancake', 'Ginger snap', 'Poultry', 'Pot pie', 'Soup', 'Pudding', 'Pie', 'Chowder', 'Bread', 'Chocolate', 'Pretzel', 'Stew', 'Sauerkraut', 'Gravy', 'Cake']"
Cuisine of the Americas,North American cuisine,American cuisine,Cuisine_of_Philadelphia,3,"['Pork', 'Sandwiches', 'Steak', 'Chili dog', 'Turnover', 'Cheese', 'Butter', 'Bacon', 'Pizza', 'Cracker', 'Meat', 'Ice cream', 'Corn', 'Spinach', 'Beef', 'Cherry', 'Charcuterie', 'Soup', 'Pudding', 'Seafood', 'Pie', 'Cookie', 'French fries', 'Chocolate cake', 'Bread', 'Chocolate', 'Hot dog', 'Vanilla', 'Pretzel', 'Stew', 'Cake', 'Orange', 'Cheddar cheese']"
Cuisine of the Americas,North American cuisine,American cuisine,Cuisine_of_Pittsburgh,3,"['Tomato soup', 'Pork', 'Rice', 'Cheese', 'Pierogi', 'Sausage', 'Fish', 'Cabbage', 'Ice cream', 'Beef', 'Ham', 'Cherry', 'Pepperoni', 'Soup', 'Seafood', 'French fries', 'Bread', 'Pasta', 'Chocolate', 'Hot dog', 'Sauerkraut', 'Orange']"
Cuisine of the Americas,North American cuisine,American cuisine,Cuisine_of_the_Southern_United_States,1,"['Pork', 'Milk', 'Hardtack', 'Key lime pie', 'Pear', 'Sandwiches', 'Tamale', 'Dumplings', 'Steak', 'Rice', 'Persimmon', 'Cheese', 'Butter', 'Apple pie', 'Sausage', 'Eggs', 'Bacon', 'Fish', 'Cornbread', 'Cracker', 'Grains', 'Mashed potatoes', 'Meat', 'Cabbage', 'Apple', 'Corn', 'Beef', 'Ham', 'Pancake', 'Poultry', 'Pepperoni', 'Soup', ""McDonald's"", 'Peach', 'Raspberry', 'Pudding', 'Seafood', 'Pie', 'Mayonnaise', 'Cookie', 'Fruits', 'Krispy Kreme', 'Mac and Cheese', 'Flatbread', 'Waffle', 'Chicken soup', 'Chowder', 'Bread', 'Watermelon', 'Peach pie', 'Chocolate', 'Hot dog', 'Corn chowder', 'Vanilla', 'Pretzel', 'Stew', 'Jam', 'Pumpkin pie', 'Taco', 'Blackberry', 'Cantaloupe', 'Curry', 'Gravy', 'Cake', 'Orange', 'Cheddar cheese']"
Cuisine of the Americas,North American cuisine,American cuisine,Cuisine_of_Atlanta,2,"['Steak', 'Eggs', 'Ham']"
Cuisine of the Americas,North American cuisine,American cuisine,Floribbean_cuisine,2,"['Fruits', 'Mango', 'Salmon', 'Curry']"
Cuisine of the Americas,North American cuisine,American cuisine,Cuisine_of_Kentucky,2,"['Pork', 'Pear', 'Dumplings', 'Avocado', 'Steak', 'Persimmon', 'Cheese', 'Butter', 'Sausage', 'Eggs', 'Bacon', 'Cornbread', 'Grains', 'Mashed potatoes', 'Meat', 'Cabbage', 'Apple', 'Corn', 'Beef', 'Ham', 'Cherry', 'Soup', 'Peach', 'Pudding', 'Seafood', 'Banana', 'Pie', 'Fruits', 'Mango', 'Bread', 'Watermelon', 'Asparagus', 'Chocolate', 'Stew', 'Spaghetti', 'Blackberry', 'Cantaloupe', 'Gravy', 'Cake', 'Carrot', 'Orange', 'Cheddar cheese']"
Cuisine of the Americas,North American cuisine,American cuisine,Louisiana_Creole_cuisine,2,"['Duck', 'Pork', 'Milk', 'Steak', 'Rice', 'Cheese', 'Butter', 'Sausage', 'Eggs', 'Bacon', 'Fish', 'Ravioli', 'Grains', 'Milk chocolate', 'Meat', 'Corn', 'Beef', 'Ham', 'Poultry', 'Soup', 'Pudding', 'Strawberry', 'Seafood', 'Banana', 'Pie', 'Mayonnaise', 'Fruits', 'Bread', 'Chocolate', 'Vanilla', 'Stew', 'Blackberry', 'Gravy', 'Cake', 'Toast']"
Cuisine of the Americas,North American cuisine,American cuisine,Cajun_cuisine,3,"['Duck', 'Pork', 'Shrimp and prawn', 'Steak', 'Rice', 'Cheese', 'Hamburgers', 'Butter', 'Sausage', 'Bacon', 'Fish', 'Cornbread', 'Meat', 'Corn', 'Beef', 'Ham', 'Poultry', 'Seafood', 'Mayonnaise', 'Bread', 'Baguette', 'Chocolate', 'Gravy', 'Carrot']"
Cuisine of the Americas,North American cuisine,American cuisine,Cuisine_of_New_Orleans,3,"['Pork', 'Milk', 'Sandwiches', 'Rice', 'Cheese', 'Butter', 'Sausage', 'Eggs', 'Parmesan', 'Bacon', 'Boiled egg', 'Fish', 'Meat', 'Ice cream', 'Corn', 'Spinach', 'Beef', 'Ham', 'Soup', 'Pudding', 'Seafood', 'Banana', 'Pie', 'Mayonnaise', 'Shaved ice', 'Bread', 'Baguette', 'Chocolate', 'Creamed spinach', 'Submarine sandwich', 'Vanilla', 'Stew', 'Mozzarella', 'Curry', 'Gravy', 'Cake', 'Orange']"
Cuisine of the Americas,North American cuisine,American cuisine,Lowcountry_cuisine,2,"['Rice', 'Cheese', 'Fish', 'Grains', 'Meat', 'Cabbage', 'Soup', 'Seafood', 'Stew', 'Salmon', 'Cake']"
Cuisine of the Americas,North American cuisine,American cuisine,Cuisine_of_the_Southwestern_United_States,1,"['Pork', 'Burrito', 'Pear', 'Tamale', 'Steak', 'Rice', 'Cheese', 'Eggs', 'Bacon', 'Fish', 'Pizza', 'Meat', 'Apple', 'Corn', 'Beef', 'Soup', 'Peach', 'Pie', 'Mayonnaise', 'Fruits', 'French fries', 'Bread', 'Hot dog', 'Stew', 'Taco', 'Toast']"
Cuisine of the Americas,North American cuisine,American cuisine,New_Mexican_cuisine,2,"['Tomato soup', 'Pork', 'Burrito', 'Fried egg', 'Milk', 'Pear', 'Shrimp and prawn', 'Tamale', 'Avocado', 'Steak', 'Turnover', 'Rice', 'Cheese', 'Hamburgers', 'Butter', 'Sausage', 'Eggs', 'Bacon', 'Meatball', 'Fish', 'Pizza', 'Cracker', 'Meat', 'Apple', 'Corn', 'Spinach', 'Beef', 'Pancake', 'bagel', 'Soup', 'Pudding', 'Seafood', 'Pie', 'Cookie', 'Fruits', 'Grilled Cheese', 'French fries', 'Flatbread', 'Bread', 'Watermelon', 'Chocolate', 'Vanilla', 'Stew', 'Jam', 'Taco', 'Tortilla chips', 'Orange', 'Cheddar cheese']"
Cuisine of the Americas,North American cuisine,American cuisine,Texan_cuisine,2,"['Pork', 'Milk', 'Steak', 'Rice', 'Cheese', 'Butter', 'Sausage', 'Eggs', 'Bacon', 'Cornbread', 'Cracker', 'Meat', 'Cabbage', 'Apple', 'Corn', 'Beef', 'Soup', ""McDonald's"", 'Peach', 'Pudding', 'Banana', 'Pie', 'Scrambled egg', 'Chicken soup', 'Bread', 'Chocolate', 'Hot dog', 'Vanilla', 'Stew', 'Sauerkraut', 'Gravy', 'Cake']"
Cuisine of the Americas,North American cuisine,American cuisine,Tex-Mex_cuisine,3,"['Pork', 'Nacho', 'Cheese', 'Meat', 'Corn', 'Beef', 'Spaghetti', 'Taco', 'Tortilla chips', 'Cheddar cheese']"
Cuisine of the Americas,North American cuisine,American cuisine,Cuisine_of_the_Western_United_States,1,"['Pork', 'Burrito', 'Avocado', 'Corn', 'Beef', 'Seafood', 'Sushi', 'Taco', 'Salmon', 'Blackberry']"
Cuisine of the Americas,North American cuisine,American cuisine,Cuisine_of_California,2,"['Pork', 'Kiwifruit', 'Burrito', 'Sandwiches', 'Tamale', 'Avocado', 'Rice', 'Apricot', 'Cheese', 'Hamburgers', 'Eggs', 'Bacon', 'Fish', 'Pizza', 'Meat', 'Ice cream', 'Beef', 'Soup', ""McDonald's"", 'Peach', 'Strawberry', 'Seafood', 'Cookie', 'Fruits', 'French fries', 'Ribs', 'Sushi', 'California roll', 'Bread', 'Baguette', 'Chocolate', 'Hot dog', 'Stew', 'Pupusa', 'Taco', 'Salmon', 'Orange']"
Cuisine of the Americas,North American cuisine,American cuisine,California_cuisine,3,"['Pizza', 'Meat', 'Seafood', 'Fruits']"
Cuisine of the Americas,North American cuisine,American cuisine,Cuisine_of_Hawaii,2,"['Pork', 'Milk', 'Sandwiches', 'Pineapple', 'Wonton', 'Steak', 'Turnover', 'Rice', 'Cheese', 'Sausage', 'Eggs', 'Fried rice', 'Fish', 'Meat', 'Cabbage', 'Beef', 'Soup', 'Pudding', 'Seafood', 'Banana', 'Mayonnaise', 'Fruits', 'Sushi', 'Bread', 'Stew', 'Salmon', 'Curry', 'Gravy']"
Cuisine of the Americas,North American cuisine,American cuisine,Pacific_Northwest_cuisine,2,"['Burrito', 'Cheese', 'Fish', 'Apple', 'Seafood', 'Sushi', 'Hot dog', 'Taco', 'Salmon']"
Cuisine of the Americas,North American cuisine,American cuisine,Rocky_Mountain_cuisine,2,"['Fish', 'Grains', 'Beef', 'Pasta', 'Spaghetti']"
Cuisine of the Americas,North American cuisine,American cuisine,Fusion_cuisine,1,"['Duck', 'Pork', 'Burrito', 'Dumplings', 'Avocado', 'Jamaican patty', 'Turnover', 'Rice', 'Cheese', 'Fried rice', 'Fish', 'Pizza', 'Beef', ""McDonald's"", 'Seafood', 'Sushi', 'California roll', 'Chocolate', 'Ramen', 'Stew', 'Taco', 'Salmon', 'Curry', 'Toast', 'Orange', 'Cheddar cheese']"
Cuisine of the Americas,North American cuisine,American cuisine,American_Jewish_cuisine,2,"['Pork', 'Milk', 'Dumplings', 'Turnover', 'Rice', 'Bialy', 'Cheese', 'Butter', 'Sausage', 'Eggs', 'Fish', 'Meat', 'Chopped liver', 'Beef', 'Pancake', 'bagel', 'Soup', 'Cookie', 'Chicken soup', 'Bread', 'Hot dog', 'Salmon', 'Blackberry', 'Carrot']"
Cuisine of the Americas,North American cuisine,American cuisine,Cajun_cuisine,2,"['Duck', 'Pork', 'Shrimp and prawn', 'Steak', 'Rice', 'Cheese', 'Hamburgers', 'Butter', 'Sausage', 'Bacon', 'Fish', 'Cornbread', 'Meat', 'Corn', 'Beef', 'Ham', 'Poultry', 'Seafood', 'Mayonnaise', 'Bread', 'Baguette', 'Chocolate', 'Gravy', 'Carrot']"
Cuisine of the Americas,North American cuisine,American cuisine,Chinese_American_cuisine,2,"['Duck', 'Pork', 'Milk', 'Sandwiches', 'Wonton', 'Dumplings', 'Steak', 'Rice', 'Cheese', 'Apple pie', 'Eggs', 'Fried rice', 'Bok choy', 'Fish', 'Ravioli', 'Meat', 'Cabbage', 'Apple', 'Corn', 'Almond biscuit', 'Beef', 'Soup', 'Peach', 'Seafood', 'Pie', 'Cookie', 'Fruits', 'Peking duck', 'Chicken feet', 'Sushi', 'Chicken soup', 'Mango', 'Bread', 'Egg roll', 'Spaghetti', 'Spring roll', 'Gravy', 'Orange']"
Cuisine of the Americas,North American cuisine,American cuisine,Filipino-American_cuisine,2,"['Pork', 'Milk', 'Wonton', 'Rice', 'Eggs', 'Fish', 'Meat', 'Sinigang', 'Beef', 'Poultry', 'Soup', 'Seafood', 'Banana', 'Fruits', 'Cake']"
Cuisine of the Americas,North American cuisine,American cuisine,Floribbean_cuisine,2,"['Fruits', 'Mango', 'Salmon', 'Curry']"
Cuisine of the Americas,North American cuisine,American cuisine,Greek-American_cuisine,2,"['Sandwiches', 'Rice', 'Cheese', 'Fish', 'Meat', 'Yogurt', 'Soup', 'Seafood', 'Feta', 'French fries', 'Bread', 'Pasta', 'Hot dog', 'Spaghetti']"
Cuisine of the Americas,North American cuisine,American cuisine,Italian-American_cuisine,2,"['Pork', 'Milk', 'Sandwiches', 'Spaghetti and meatballs', 'Steak', 'Turnover', 'Rice', 'Omelette', 'Cheese', 'Carbonara', 'Butter', 'Fettuccine', 'Sausage', 'Eggs', 'Parmigiano Reggiano', 'Parmesan', 'Meatball', 'Fish', 'Pizza', 'Grains', 'Meat', 'Corn', 'Beef', 'Ham', 'Pepperoni', 'Soup', 'Seafood', 'Pie', 'Cookie', 'Bolognese sauce', 'Flatbread', 'Waffle', 'Chicken parmesan', 'Bread', 'Lasagna', 'Pasta', 'Baguette', 'Asparagus', 'Garlic bread', 'Chocolate', 'Submarine sandwich', 'Vanilla', 'Stew', 'Spaghetti', 'Mozzarella', 'Gravy', 'Cake']"
Cuisine of the Americas,North American cuisine,American cuisine,Mexican-American_cuisine,2,"['Burrito', 'Tamale', 'Nacho', 'Rice', 'Cheese', 'Fish', 'Taquitos', 'Corn', 'Pie', 'Fruits', 'Flatbread', 'Chocolate', 'Taco', 'Tortilla chips']"
Cuisine of the Americas,North American cuisine,American cuisine,New_Mexican_cuisine,3,"['Tomato soup', 'Pork', 'Burrito', 'Fried egg', 'Milk', 'Pear', 'Shrimp and prawn', 'Tamale', 'Avocado', 'Steak', 'Turnover', 'Rice', 'Cheese', 'Hamburgers', 'Butter', 'Sausage', 'Eggs', 'Bacon', 'Meatball', 'Fish', 'Pizza', 'Cracker', 'Meat', 'Apple', 'Corn', 'Spinach', 'Beef', 'Pancake', 'bagel', 'Soup', 'Pudding', 'Seafood', 'Pie', 'Cookie', 'Fruits', 'Grilled Cheese', 'French fries', 'Flatbread', 'Bread', 'Watermelon', 'Chocolate', 'Vanilla', 'Stew', 'Jam', 'Taco', 'Tortilla chips', 'Orange', 'Cheddar cheese']"
Cuisine of the Americas,North American cuisine,American cuisine,Tex-Mex_cuisine,3,"['Pork', 'Nacho', 'Cheese', 'Meat', 'Corn', 'Beef', 'Spaghetti', 'Taco', 'Tortilla chips', 'Cheddar cheese']"
Cuisine of the Americas,North American cuisine,American cuisine,Cuisine_of_the_Pennsylvania_Dutch,2,"['Pork', 'Milk', 'Dumplings', 'Rice', 'Cheese', 'Butter', 'Pierogi', 'Eggs', 'Bacon', 'Fish', 'Cracker', 'Mashed potatoes', 'Meat', 'Cabbage', 'Apple', 'Corn', 'Beef', 'Ham', 'Pancake', 'Ginger snap', 'Poultry', 'Pot pie', 'Soup', 'Pudding', 'Pie', 'Chowder', 'Bread', 'Chocolate', 'Pretzel', 'Stew', 'Sauerkraut', 'Gravy', 'Cake']"
Cuisine of the Americas,North American cuisine,American cuisine,New_American_cuisine,2,[]
Cuisine of the Americas,Central American cuisine,,Belizean_cuisine,1,"['Pork', 'Milk', 'Pear', 'Pineapple', 'Tamale', 'Avocado', 'Jamaican patty', 'Rice', 'Cheese', 'Butter', 'Sausage', 'Eggs', 'Boiled egg', 'Fish', 'Grains', 'Meat', 'Kebab', 'Cabbage', 'Apple', 'Ice cream', 'Corn', 'Beef', 'Soup', 'Pudding', 'Seafood', 'Banana', 'Pie', 'Fruits', 'Cereal', 'Bread', 'Chocolate', 'Vanilla', 'Stew', 'Curry', 'Gravy', 'Cake']"
Cuisine of the Americas,Central American cuisine,,Costa_Rican_cuisine,1,"['Pork', 'Milk', 'Shrimp and prawn', 'Pineapple', 'Rice', 'Cheese', 'Eggs', 'Fish', 'Meat', 'Corn', 'Beef', 'Soup', 'Strawberry', 'Seafood', 'Banana', 'Fruits', 'Mango', 'Watermelon', 'Vanilla', 'Stew', 'Taco', 'Blackberry', 'Cantaloupe', 'Tortilla chips', 'Cake', 'Carrot', 'Orange']"
Cuisine of the Americas,Central American cuisine,,Guatemalan_cuisine,1,"['Duck', 'Pork', 'Milk', 'Tamale', 'Avocado', 'Rice', 'Cheese', 'Boiled egg', 'Fried rice', 'Fish', 'Meat', 'Cabbage', 'Corn', 'Banana cake', 'Beef', 'Soup', 'Pudding', 'Seafood', 'Banana', 'Mayonnaise', 'Fruits', 'Bread', 'Chocolate', 'Hot dog', 'Stew', 'Cake', 'Carrot']"
Cuisine of the Americas,Central American cuisine,,Honduran_cuisine,1,"['Pork', 'Milk', 'Pineapple', 'Tamale', 'Avocado', 'Rice', 'Cheese', 'Butter', 'Sausage', 'Eggs', 'Boiled egg', 'Fish', 'Grains', 'Meat', 'Cabbage', 'Corn', 'Beef', 'Soup', 'Seafood', 'Banana', 'Fruits', 'Chocolate', 'Tortilla chips', 'Orange']"
Cuisine of the Americas,Central American cuisine,,Mesoamerican_cuisine,1,"['Duck', 'Pineapple', 'Tamale', 'Avocado', 'Rice', 'Pizza', 'Corn', 'Fruits', 'Cereal', 'Chocolate', 'Vanilla']"
Cuisine of the Americas,Central American cuisine,,Ancient_Maya_cuisine,2,"['Shrimp and prawn', 'Pineapple', 'Tamale', 'Avocado', 'Quesadillas', 'Fish', 'Grains', 'Meat', 'Apple', 'Corn', 'Chocolate', 'Vanilla', 'Stew']"
Cuisine of the Americas,Central American cuisine,,Nicaraguan_cuisine,1,"['Pork', 'Milk', 'Pineapple', 'Avocado', 'Rice', 'Eggs', 'Grains', 'Meat', 'Cabbage', 'Corn', 'Spinach', 'Beef', 'Pudding', 'Seafood', 'Fruits', 'Mango', 'Chocolate', 'Cake', 'Orange']"
Cuisine of the Americas,Central American cuisine,,Panamanian_cuisine,1,"['Pork', 'Milk', 'Pineapple', 'Tamale', 'Steak', 'Rice', 'Cheese', 'Butter', 'Eggs', 'Fish', 'Meat', 'Ice cream', 'Corn', 'Beef', 'Soup', 'Seafood', 'Fruits', 'Bread', 'Spaghetti', 'Orange']"
Cuisine of the Americas,Central American cuisine,,Salvadoran_cuisine,1,"['Pork', 'Milk', 'Sandwiches', 'Shrimp and prawn', 'Pineapple', 'Tamale', 'Dumplings', 'Steak', 'Rice', 'Cheese', 'Butter', 'Eggs', 'Fish', 'Meat', 'Cabbage', 'Apple', 'Ice cream', 'Corn', 'Spinach', 'Beef', 'Soup', 'Pudding', 'Seafood', 'Banana', 'Fruits', 'Flatbread', 'Chicken soup', 'Shaved ice', 'Mango', 'Bread', 'Submarine sandwich', 'Vanilla', 'Stew', 'Pupusa', 'Cake', 'Carrot']"
Cuisine of the Americas,South American cuisine,,Argentine_cuisine,1,"['Pork', 'Kiwifruit', 'Fried egg', 'Milk', 'Sandwiches', 'Tamale', 'Avocado', 'Steak', 'Omelette', 'Cheese', 'Butter', 'Fettuccine', 'Sausage', 'Eggs', 'Fish', 'Ravioli', 'Pizza', 'Grains', 'Meat', 'Apple', 'Ice cream', 'Corn', 'Croissant', 'Spinach', 'Beef', 'Ham', 'Pancake', 'Cherry', 'Poultry', 'Yogurt', 'Peach', 'Pudding', 'Strawberry', 'Cow milk', 'Seafood', 'Pie', 'Cookie', 'Fruits', 'French fries', 'Ribs', 'Cereal', 'Bread', 'Lasagna', 'Pasta', 'Chocolate', 'Alfajor', 'Stew', 'Jam', 'Spaghetti', 'Salmon', 'Cake', 'Cheesecake', 'Toast', 'Orange']"
Cuisine of the Americas,South American cuisine,,Bolivian_cuisine,1,"['Pork', 'Milk', 'Rice', 'Butter', 'Fish', 'Meat', 'Apple', 'Ice cream', 'Corn', 'Beef', 'Soup', 'Pudding', 'Fruits', 'Bread', 'Jam']"
Cuisine of the Americas,South American cuisine,,Brazilian_cuisine,1,"['Duck', 'Pork', 'Fried egg', 'Milk', 'Pear', 'Sandwiches', 'Shrimp and prawn', 'Pineapple', 'Dumplings', 'Croquette', 'Avocado', 'Steak', 'Rice', 'Cheese', 'Hamburgers', 'Butter', 'Sausage', 'Eggs', 'Sprinkles', 'Parmesan', 'Bacon', 'Fish', 'Pizza', 'Cornbread', 'Meat', 'Cabbage', 'Apple', 'Ice cream', 'Corn', 'Banana cake', 'Beef', 'Ham', 'Poultry', 'Pepperoni', 'Peach', 'Pudding', 'Seafood', 'Banana', 'Pie', 'Mayonnaise', 'Fruits', 'French fries', 'Chocolate cake', 'Processed cheese', 'Cereal', 'Sushi', 'Carrot cake', 'Mango', 'Bread', 'Pasta', 'Garlic bread', 'Chocolate', 'Hot dog', 'Ramen', 'Stew', 'Jam', 'Spaghetti', 'Mozzarella', 'Cake', 'Carrot', 'Orange']"
Cuisine of the Americas,South American cuisine,,Chilean_cuisine,1,"['Duck', 'Pork', 'Milk', 'Pear', 'Sandwiches', 'Shrimp and prawn', 'Pineapple', 'Tamale', 'Avocado', 'Steak', 'Rice', 'Omelette', 'Cheese', 'Sausage', 'Eggs', 'Parmesan', 'Boiled egg', 'Fish', 'Mashed potatoes', 'Meat', 'Kebab', 'Cabbage', 'Apple', 'Ice cream', 'Corn', 'Beef', 'Ham', 'Pancake', 'Poultry', 'Soup', 'Peach', 'Raspberry', 'Pudding', 'Strawberry', 'Seafood', 'Banana', 'Pie', 'Mayonnaise', 'Cookie', 'Fruits', 'Bolognese sauce', 'Grilled Cheese', 'Ribs', 'Mango', 'Bread', 'Watermelon', 'Pasta', 'Asparagus', 'Chocolate', 'Hot dog', 'Alfajor', 'Stew', 'Jam', 'Spaghetti', 'Salmon', 'Sauerkraut', 'Cake', 'Cheesecake', 'Carrot', 'Orange']"
Cuisine of the Americas,South American cuisine,,Colombian_cuisine,1,"['Pork', 'Fried egg', 'Milk', 'Pear', 'Pineapple', 'Tamale', 'Avocado', 'Rice', 'Cheese', 'Butter', 'Sausage', 'Eggs', 'Bacon', 'Fish', 'Cornbread', 'Cracker', 'Meat', 'Apple', 'Corn', 'Beef', 'bagel', 'Poultry', 'Soup', 'Peach', 'Pudding', 'Strawberry', 'Seafood', 'Banana', 'Pie', 'Cookie', 'Fruits', 'Ribs', 'Chicken soup', 'Mango', 'Bread', 'Watermelon', 'Chocolate', 'Vanilla', 'Stew', 'Jam', 'Arepa', 'Popcorn', 'Blackberry', 'Cake', 'Orange']"
Cuisine of the Americas,South American cuisine,,Muisca_cuisine,2,"['Duck', 'Pineapple', 'Avocado', 'Rice', 'Fish', 'Grains', 'Meat', 'Corn', 'Fruits', 'Arepa', 'Popcorn']"
Cuisine of the Americas,South American cuisine,,Ecuadorian_cuisine,1,"['Pork', 'Milk', 'Rice', 'Cheese', 'Fish', 'Meat', 'Ice cream', 'Corn', 'Beef', 'Poultry', 'Yogurt', 'Soup', 'Peach', 'Pudding', 'Seafood', 'Banana', 'Fruits', 'Bread', 'Pasta', 'Chocolate', 'Alfajor', 'Stew']"
Cuisine of the Americas,South American cuisine,,French_Guianan_cuisine,1,"['Duck', 'Pork', 'Milk', 'Shrimp and prawn', 'Shark meat', 'Steak', 'Rice', 'Eggs', 'Fish', 'Meat', 'Spinach', 'Beef', 'Cherry', 'Soup', 'Pudding', 'Seafood', 'Banana', 'Fruits', 'Ribs', 'Cereal', 'Mango', 'Stew', 'Jam', 'Curry', 'Cake', 'Toast', 'Orange']"
Cuisine of the Americas,South American cuisine,,Paraguayan_cuisine,1,"['Pork', 'Milk', 'Pineapple', 'Avocado', 'Cheese', 'Butter', 'Sausage', 'Eggs', 'Bok choy', 'Fish', 'Ravioli', 'Cornbread', 'Grains', 'Meat', 'Cabbage', 'Corn', 'Spinach', 'Beef', 'Poultry', 'Soup', 'Pudding', 'Strawberry', 'Banana', 'Fruits', 'Mango', 'Bread', 'Watermelon', 'Pasta', 'Alfajor', 'Stew', 'Cake', 'Orange']"
Cuisine of the Americas,South American cuisine,,Cuisine_of_Asunción,2,"['Sandwiches', 'Steak', 'Rice', 'Cheese', 'Parmesan', 'Fish', 'Pizza', 'Meat', 'Beef', 'Soup', 'Seafood', 'Bread', 'Pasta', 'Asparagus', 'Carrot']"
Cuisine of the Americas,South American cuisine,,Peruvian_cuisine,1,"['Duck', 'Pork', 'Kiwifruit', 'Fried egg', 'Milk', 'Pear', 'Pineapple', 'Tamale', 'Avocado', 'Steak', 'Rice', 'Cheese', 'Butter', 'Eggs', 'Fried rice', 'Fish', 'Ravioli', 'Grains', 'Mashed potatoes', 'Meat', 'Cabbage', 'Apple', 'Ice cream', 'Corn', 'Beef', 'Ham', 'Lomo Saltado', 'Cherry', 'Soup', 'Pudding', 'Strawberry', 'Seafood', 'Banana', 'Mayonnaise', 'Fruits', 'French fries', 'Ribs', 'Cereal', 'Sushi', 'Mango', 'Bread', 'Chocolate', 'Alfajor', 'Vanilla', 'Stew', 'Orange']"
Cuisine of the Americas,South American cuisine,,Nikkei_cuisine,2,['Rice']
Cuisine of the Americas,South American cuisine,,Amazonian_cuisine,2,"['Pork', 'Milk', 'Sausage', 'Fish', 'Meat', 'Apple', 'Soup', 'Seafood']"
Cuisine of the Americas,South American cuisine,,Arequipan_cuisine,2,"['Pork', 'Milk', 'Cheese', 'Eggs', 'Donuts', 'Meat', 'Corn', 'Beef', 'Soup', 'Bread', 'Stew', 'Gravy', 'Cake']"
Cuisine of the Americas,South American cuisine,,Inca_cuisine,2,"['Fish', 'Grains', 'Meat', 'Soup', 'Fruits', 'Chocolate', 'Carrot']"
Cuisine of the Americas,South American cuisine,,Surinamese_cuisine,1,"['Rice', 'Fish', 'Meat', 'Soup', 'Vanilla', 'Curry', 'Cake']"
Cuisine of the Americas,South American cuisine,,Uruguayan_cuisine,1,"['Pork', 'Fried egg', 'Milk', 'Sandwiches', 'Croquette', 'Steak', 'Rice', 'Apricot', 'Cheese', 'Hamburgers', 'Butter', 'Fettuccine', 'Sausage', 'Eggs', 'Bacon', 'Fish', 'Ravioli', 'Pizza', 'Grains', 'Meat', 'Cabbage', 'Apple', 'Corn', 'Croissant', 'Spinach', 'Beef', 'Ham', 'Poultry', 'Soup', 'Pudding', 'Banana', 'Pie', 'Mayonnaise', 'Fruits', 'Bolognese sauce', 'French fries', 'Waffle', 'Cereal', 'Bread', 'Pasta', 'Baguette', 'Chocolate', 'Alfajor', 'Vanilla', 'Stew', 'Jam', 'Spaghetti', 'Mozzarella', 'Sauerkraut', 'Cake', 'Carrot']"
Cuisine of the Americas,South American cuisine,,Cuisine_of_Montevideo,2,"['Pork', 'Rice', 'Fish', 'Meat', 'Beef', ""McDonald's"", 'Seafood', 'Sushi', 'Bread', 'Pasta', 'Cake']"
Cuisine of the Americas,South American cuisine,,Venezuelan_cuisine,1,"['Pork', 'Milk', 'Avocado', 'Rice', 'Cheese', 'Butter', 'Eggs', 'Fish', 'Meat', 'Cabbage', 'Corn', 'Croissant', 'Spinach', 'Beef', 'Ham', 'Dark chocolate', 'Pancake', 'Pot pie', 'Soup', 'Pudding', 'Strawberry', 'Banana', 'Pie', 'Mayonnaise', 'Cookie', 'Chocolate cake', 'Flatbread', 'Chicken soup', 'Mango', 'Bread', 'Lasagna', 'Pasta', 'Chocolate', 'Chocolate pudding', 'Alfajor', 'Vanilla', 'Stew', 'Arepa', 'Cake']"
Cuisine of the Americas,Caribbean cuisine,,Anguillan_cuisine,1,"['Pork', 'Shrimp and prawn', 'Dumplings', 'Rice', 'Fish', 'Meat', 'Beef', 'Poultry', 'Soup', 'Seafood', 'Fruits', 'Stew']"
Cuisine of the Americas,Caribbean cuisine,,Antigua_and_Barbuda_cuisine,1,"['Pork', 'Milk', 'Pineapple', 'Rice', 'Cheese', 'Butter', 'Apple pie', 'Sausage', 'Eggs', 'Fish', 'Meat', 'Apple', 'Ice cream', 'Corn', 'Beef', 'Soup', 'Raspberry', 'Pudding', 'Pie', 'Mango', 'Bread', 'Pasta', 'Stew', 'Cake']"
Cuisine of the Americas,Caribbean cuisine,,Bahamian_cuisine,1,"['Pork', 'Milk', 'Pineapple', 'Dumplings', 'Rice', 'Cheese', 'Fish', 'Meat', 'Ice cream', 'Beef', 'Ham', 'Soup', 'Pudding', 'Seafood', 'Fruits', 'Chowder', 'Mango', 'Bread', 'Cake']"
Cuisine of the Americas,Caribbean cuisine,,Barbadian_cuisine,1,"['Pork', 'Shrimp and prawn', 'Pineapple', 'Turnover', 'Rice', 'Cheese', 'Fish', 'Meat', 'Cabbage', 'Apple', 'Corn', 'Beef', 'Soup', 'Pudding', 'Seafood', 'Pie', 'French fries', 'Chicken feet', 'Sushi', 'Bread', 'Pasta', 'Stew', 'Curry', 'Gravy', 'Cake']"
Cuisine of the Americas,Caribbean cuisine,,Belizean_cuisine,1,"['Pork', 'Milk', 'Pear', 'Pineapple', 'Tamale', 'Avocado', 'Jamaican patty', 'Rice', 'Cheese', 'Butter', 'Sausage', 'Eggs', 'Boiled egg', 'Fish', 'Grains', 'Meat', 'Kebab', 'Cabbage', 'Apple', 'Ice cream', 'Corn', 'Beef', 'Soup', 'Pudding', 'Seafood', 'Banana', 'Pie', 'Fruits', 'Cereal', 'Bread', 'Chocolate', 'Vanilla', 'Stew', 'Curry', 'Gravy', 'Cake']"
Cuisine of the Americas,Caribbean cuisine,,Cuisine_of_the_British_Virgin_Islands,1,"['Fish', 'Meat', 'Apple', 'Spinach', 'Beef', 'Soup', 'Fruits', 'Mango', 'Stew', 'Salmon', 'Cake']"
Cuisine of the Americas,Caribbean cuisine,,Cuisine_of_the_Cayman_Islands,1,"['Pork', 'Milk', 'Avocado', 'Rice', 'Eggs', 'Fish', 'Meat', 'Spinach', 'Beef', 'Seafood', 'Fruits', 'Chowder', 'Bread', 'Curry']"
Cuisine of the Americas,Caribbean cuisine,,Caribbean_Chinese_cuisine,1,"['Duck', 'Pork', 'Rice', 'Fried rice', 'Flatbread', 'Curry']"
Cuisine of the Americas,Caribbean cuisine,,Cuban_cuisine,1,"['Pork', 'Milk', 'Sandwiches', 'Shrimp and prawn', 'Pineapple', 'Panini', 'Croquette', 'Steak', 'Rice', 'Omelette', 'Cheese', 'Ham', 'Soup', 'Pudding', 'Seafood', 'Fruits', 'French fries', 'Bread', 'Cake', 'Toast']"
Cuisine of the Americas,Caribbean cuisine,,Cuisine_of_Dominica,1,"['Milk', 'Pineapple', 'Dumplings', 'Rice', 'Eggs', 'Bacon', 'Fish', 'Meat', 'Beef', 'Poultry', 'Banana', 'Fruits', 'Mango', 'Chocolate', 'Toast', 'Orange']"
Cuisine of the Americas,Caribbean cuisine,,Dominican_Republic_cuisine,1,"['Pork', 'Milk', 'Sandwiches', 'Shrimp and prawn', 'Pineapple', 'Tamale', 'Dumplings', 'Rice', 'Cabbage roll', 'Cheese', 'Butter', 'Sausage', 'Eggs', 'Fried rice', 'Fish', 'Cracker', 'Grains', 'Meat', 'Cabbage', 'Corn', 'Beef', 'Soup', 'Pudding', 'Seafood', 'Pie', 'Mayonnaise', 'Fruits', 'Chicken feet', 'Flatbread', 'Chowder', 'Bread', 'Pasta', 'Chocolate', 'Corn chowder', 'Vanilla', 'Stew', 'Jam', 'Spaghetti', 'Arepa', 'Cake', 'Orange']"
Cuisine of the Americas,Caribbean cuisine,,Floribbean_cuisine,1,"['Fruits', 'Mango', 'Salmon', 'Curry']"
Cuisine of the Americas,Caribbean cuisine,,French_Guianan_cuisine,1,"['Duck', 'Pork', 'Milk', 'Shrimp and prawn', 'Shark meat', 'Steak', 'Rice', 'Eggs', 'Fish', 'Meat', 'Spinach', 'Beef', 'Cherry', 'Soup', 'Pudding', 'Seafood', 'Banana', 'Fruits', 'Ribs', 'Cereal', 'Mango', 'Stew', 'Jam', 'Curry', 'Cake', 'Toast', 'Orange']"
Cuisine of the Americas,Caribbean cuisine,,Haitian_cuisine,1,"['Pork', 'Milk', 'Pear', 'Pineapple', 'Avocado', 'Rice', 'Apricot', 'Cheese', 'Eggs', 'Meatball', 'Fish', 'Meat', 'Cabbage', 'Corn', 'Spinach', 'Beef', 'Soup', 'Pudding', 'Banana', 'Cookie', 'Fruits', 'Flatbread', 'Shaved ice', 'Mango', 'Bread', 'Hot dog', 'Vanilla', 'Stew', 'Spaghetti', 'Carrot', 'Orange']"
Cuisine of the Americas,Caribbean cuisine,,Jamaican_cuisine,1,"['Duck', 'Pork', 'Milk', 'Pineapple', 'Banana bread', 'Dumplings', 'Panini', 'Avocado', 'Steak', 'Jamaican patty', 'Turnover', 'Rice', 'Cheese', 'Sausage', 'Donuts', 'Fried rice', 'Quesadillas', 'Bok choy', 'Fish', 'Pizza', 'Meat', 'Kebab', 'Cabbage', 'Apple', 'Ice cream', 'Corn', 'Beef', 'Ham', 'Cherry', 'Soup', 'Pudding', 'Seafood', 'Banana', 'Fruits', 'Carrot cake', 'Chicken soup', 'Mango', 'Bread', 'Chocolate', 'Vanilla', 'Stew', 'Curry', 'Cake', 'Toast', 'Carrot', 'Orange']"
Cuisine of the Americas,Caribbean cuisine,,Cuisine_of_Montserrat,1,"['Rice', 'Fish', 'Meat', 'Soup', 'Seafood', 'Bread', 'Stew']"
Cuisine of the Americas,Caribbean cuisine,,Puerto_Rican_cuisine,1,"['Pork', 'Milk', 'Pineapple', 'Avocado', 'Steak', 'Rice', 'Cheese', 'Hamburgers', 'Sausage', 'Eggs', 'Fried rice', 'Fish', 'Cornbread', 'Grains', 'Meat', 'Ice cream', 'Corn', 'Cranberry', 'Beef', 'Ham', 'Cherry', 'Soup', 'Pudding', 'Seafood', 'Banana', 'Mayonnaise', 'Fruits', 'Flatbread', 'Mango', 'Bread', 'Vanilla', 'Cheesecake', 'Carrot', 'Orange']"
Cuisine of the Americas,Caribbean cuisine,,Saint_Lucian_cuisine,1,"['Avocado', 'Meat', 'Apple', 'Soup', 'Banana', 'Fruits', 'Mango', 'Bread', 'Orange']"
Cuisine of the Americas,Caribbean cuisine,,Surinamese_cuisine,1,"['Rice', 'Fish', 'Meat', 'Soup', 'Vanilla', 'Curry', 'Cake']"
Cuisine of the Americas,Caribbean cuisine,,Trinidad_and_Tobago_cuisine,1,"['Duck', 'Pork', 'Milk', 'Pear', 'Shrimp and prawn', 'Pineapple', 'Tamale', 'Wonton', 'Dumplings', 'Avocado', 'Rice', 'Cheese', 'Butter', 'Sausage', 'Eggs', 'Bacon', 'Boiled egg', 'Fried rice', 'Fish', 'Meat', 'Kebab', 'Apple', 'Ice cream', 'Corn', 'Spinach', 'Beef', 'Ham', 'Cherry', 'Soup', 'Pudding', 'Seafood', 'Banana', 'Pie', 'Mayonnaise', 'Fruits', 'Chocolate cake', 'Chicken feet', 'Mango', 'Bread', 'Watermelon', 'Pasta', 'Chocolate', 'Stew', 'Curry', 'Cake', 'Toast', 'Orange']"
Cuisine of the Americas,Caribbean cuisine,,Cuisine_of_the_Turks_and_Caicos_Islands,1,"['Pork', 'Rice', 'Fish', 'Meat', 'Corn', 'Beef', 'Poultry', 'Seafood', 'Banana']"
Cuisine of the Americas,Caribbean cuisine,,Cuisine_of_the_United_States_Virgin_Islands,1,"['Fish', 'Meat', 'Apple', 'Spinach', 'Beef', 'Soup', 'Fruits', 'Mango', 'Stew', 'Salmon', 'Cake']"
Asian cuisine,Central Asian cuisine,,Afghan_cuisine,1,"['Milk', 'Dumplings', 'Turnover', 'Rice', 'Cheese', 'Butter', 'Eggs', 'Meat', 'Kebab', 'Apple', 'Ice cream', 'Corn', 'Spinach', 'Beef', 'Roast chicken', 'Cherry', 'Poultry', 'Yogurt', 'Soup', 'Pudding', 'Cookie', 'Fruits', 'Ribs', 'Flatbread', 'Bread', 'Pasta', 'Hot dog', 'Stew', 'Curry', 'Gravy', 'Cake', 'Carrot', 'Orange']"
Asian cuisine,Central Asian cuisine,,Hazara_cuisine,2,"['Milk', 'Rice', 'Butter', 'Meat', 'Kebab', 'Yogurt', 'Fruits', 'Ribs', 'Bread']"
Asian cuisine,Central Asian cuisine,,Pashtun_cuisine,2,"['Milk', 'Dumplings', 'Rice', 'Eggs', 'Fish', 'Meat', 'Kebab', 'Beef', 'Roast chicken', 'Biryani', 'Yogurt', 'Soup', 'Fruits', 'Ribs', 'Cereal', 'Bread']"
Asian cuisine,Central Asian cuisine,,Azerbaijani_cuisine,1,"['Duck', 'Pork', 'Milk', 'Pear', 'Dumplings', 'Turnover', 'Rice', 'Apricot', 'Cheese', 'Butter', 'Eggs', 'Meatball', 'Fish', 'Meat', 'Kebab', 'Cabbage', 'Spinach', 'Beef', 'Pancake', 'Cherry', 'Poultry', 'Yogurt', 'Soup', 'Strawberry', 'Seafood', 'Fruits', 'Bread', 'Vanilla', 'Stew', 'Jam', 'Salmon']"
Asian cuisine,Central Asian cuisine,,Balochi_cuisine,1,"['Rice', 'Fish', 'Meat', 'Biryani', 'Bread']"
Asian cuisine,Central Asian cuisine,,Bashkir_cuisine,1,"['Pork', 'Milk', 'Dumplings', 'Cheese', 'Sausage', 'Fish', 'Meat', 'Cherry', 'Poultry', 'Soup', 'Bread', 'Jam', 'Cheesecake']"
Asian cuisine,Central Asian cuisine,,Bukharan_Jewish_cuisine,1,"['Rice', 'Fish', 'Meat', 'Beef', 'Soup', 'Bread']"
Asian cuisine,Central Asian cuisine,,Dagestani_cuisine,1,"['Dumplings', 'Cheese', 'Meat', 'Pie', 'Fruits']"
Asian cuisine,Central Asian cuisine,,Iranian_cuisine,1,"['Milk', 'Dumplings', 'Rice', 'Apricot', 'Omelette', 'Cheese', 'Butter', 'Sausage', 'Eggs', 'Meatball', 'Fish', 'Pizza', 'Grains', 'Meat', 'Kebab', 'Cabbage', 'Apple', 'Ice cream', 'Spinach', 'Beef', 'Cherry', 'Poultry', 'Yogurt', 'Soup', 'Peach', 'Pudding', 'Seafood', 'Pie', 'Mayonnaise', 'Cookie', 'Fruits', 'French fries', 'Flatbread', 'Chicken soup', 'Bread', 'Baguette', 'Stew', 'Jam', 'Curry', 'Cake', 'Carrot', 'Orange']"
Asian cuisine,Central Asian cuisine,,Caspian_cuisine,2,"['Rice', 'Omelette', 'Butter', 'Eggs', 'Fish', 'Soup', 'Seafood', 'Bread', 'Stew', 'Orange']"
Asian cuisine,Central Asian cuisine,,Kurdish_cuisine,2,"['Rice', 'Cheese', 'Eggs', 'Meat', 'Kebab', 'Apple', 'Spinach', 'Beef', 'Biryani', 'Yogurt', 'Soup', 'Pie', 'Mayonnaise', 'Bread', 'Stew']"
Asian cuisine,Central Asian cuisine,,Kazakh_cuisine,1,"['Milk', 'Rice', 'Cheese', 'Butter', 'Sausage', 'Fish', 'Meat', 'Kebab', 'Beef', 'Seafood', 'Flatbread', 'Bread', 'Pasta', 'Cake']"
Asian cuisine,Central Asian cuisine,,Koryo-saram_cuisine,1,"['Pork', 'Rice', 'Sausage', 'Fish', 'Cabbage', 'Soup', 'Seafood', 'Stew', 'Carrot']"
Asian cuisine,Central Asian cuisine,,Kyrgyz_cuisine,1,"['Milk', 'Dumplings', 'Rice', 'Cheese', 'Butter', 'Fish', 'Grains', 'Meat', 'Cabbage', 'Beef', 'Soup', 'Fruits', 'Flatbread', 'Bread', 'Stew', 'Jam']"
Asian cuisine,Central Asian cuisine,,Tajik_cuisine,1,"['Milk', 'Pear', 'Dumplings', 'Rice', 'Apricot', 'Persimmon', 'Cheese', 'Butter', 'Sausage', 'Eggs', 'Meat', 'Apple', 'Yogurt', 'Peach', 'Fruits', 'Feta', 'Flatbread', 'Bread', 'Jam', 'Carrot', 'Orange']"
Asian cuisine,Central Asian cuisine,,Tatar_cuisine,1,"['Duck', 'Kiwifruit', 'Milk', 'Dumplings', 'Rice', 'Cheese', 'Butter', 'Eggs', 'Fish', 'Grains', 'Mashed potatoes', 'Meat', 'Cabbage', 'Apple', 'Chopped liver', 'Beef', 'Pancake', 'Cherry', 'Poultry', 'Soup', 'Raspberry', 'Banana', 'Pie', 'Fruits', 'Flatbread', 'Cereal', 'Mango', 'Bread', 'Pasta', 'Jam', 'Carrot']"
Asian cuisine,Central Asian cuisine,,Turkmen_cuisine,1,"['Tomato soup', 'Pork', 'Milk', 'Dumplings', 'Steak', 'Rice', 'Cabbage roll', 'Butter', 'Fish', 'Meat', 'Kebab', 'Cabbage', 'Spinach', 'Beef', 'Poultry', 'Yogurt', 'Soup', 'Pudding', 'Mayonnaise', 'Fruits', 'Flatbread', 'Cereal', 'Bread']"
Asian cuisine,Central Asian cuisine,,Xinjiang_cuisine,1,"['Pork', 'Milk', 'Dumplings', 'Rice', 'Bialy', 'Apricot', 'Butter', 'Grains', 'Meat', 'Kebab', 'Cabbage', 'Corn', 'Spinach', 'Beef', 'Ham', 'bagel', 'Yogurt', 'Soup', 'Fruits', 'Flatbread', 'Cereal', 'Bread', 'Congee', 'Stew', 'Cake', 'Carrot']"
Asian cuisine,Central Asian cuisine,,Uzbek_cuisine,1,"['Milk', 'Rice', 'Butter', 'Sausage', 'Eggs', 'Fish', 'Meat', 'Kebab', 'Beef', 'Poultry', 'Yogurt', 'Soup', 'Fruits', 'Bread', 'Stew', 'Carrot']"
Asian cuisine,East Asian cuisine,,Japanese_cuisine,1,"['Pork', 'Milk', 'Sandwiches', 'Steak', 'Rice', 'Eggs', 'Fish', 'Grains', 'Wagyu', 'Meat', 'Ice cream', 'Corn', 'Spinach', 'Beef', 'Pancake', 'Poultry', 'Soup', ""McDonald's"", 'Peach', 'Seafood', 'Mayonnaise', 'Fruits', 'Sushi', 'Shaved ice', 'California roll', 'Bread', 'Watermelon', 'Pasta', 'Ramen', 'Spaghetti', 'Salmon', 'Cantaloupe', 'Curry', 'Cake', 'Carrot', 'Orange']"
Asian cuisine,East Asian cuisine,,Ainu_cuisine,2,"['Milk', 'Dumplings', 'Shark meat', 'Rice', 'Eggs', 'Fish', 'Grains', 'Meat', 'Corn', 'Cherry', 'Soup', 'Salmon']"
Asian cuisine,East Asian cuisine,,Okinawan_cuisine,2,"['Pork', 'Milk', 'Rice', 'Cheese', 'Fish', 'Grains', 'Meat', 'Cabbage', 'Spinach', 'Beef', 'Soup', 'Seafood', 'Fruits', 'Ribs', 'Bread', 'Taco', 'Curry']"
Asian cuisine,East Asian cuisine,,Japanese_regional_cuisine,2,"['Duck', 'Pork', 'Fried egg', 'Rice', 'Omelette', 'Cheese', 'Eggs', 'Bacon', 'Fish', 'Meat', 'Cabbage', 'Beef', 'Pancake', 'Soup', 'Seafood', 'Mayonnaise', 'Ribs', 'Sushi', 'Chicken soup', 'Ramen', 'Taco', 'Salmon', 'Cake', 'Carrot']"
Asian cuisine,East Asian cuisine,,Nagoya_cuisine,3,"['Pork', 'Fried egg', 'Shrimp and prawn', 'Dumplings', 'Rice', 'Butter', 'Meat', 'Soup', 'Mayonnaise', 'Ramen', 'Stew', 'Spaghetti', 'Toast']"
Asian cuisine,East Asian cuisine,,Japanese_Chinese_cuisine,3,"['Pork', 'Pineapple', 'Dumplings', 'Steak', 'Rice', 'Omelette', 'Fried rice', 'Bok choy', 'Meat', 'Cabbage', 'Beef', 'Ham', 'Soup', 'Seafood', 'Ramen', 'Spring roll', 'Carrot', 'Orange']"
Asian cuisine,East Asian cuisine,,Cuisine_of_Hawaii,3,"['Pork', 'Milk', 'Sandwiches', 'Pineapple', 'Wonton', 'Steak', 'Turnover', 'Rice', 'Cheese', 'Sausage', 'Eggs', 'Fried rice', 'Fish', 'Meat', 'Cabbage', 'Beef', 'Soup', 'Pudding', 'Seafood', 'Banana', 'Mayonnaise', 'Fruits', 'Sushi', 'Bread', 'Stew', 'Salmon', 'Curry', 'Gravy']"
Asian cuisine,East Asian cuisine,,Korean_cuisine,1,"['Pork', 'Milk', 'Rice', 'Persimmon', 'Sausage', 'Eggs', 'Fish', 'Soy milk', 'Grains', 'Meat', 'Cabbage', 'Corn', 'Spinach', 'Beef', 'Pancake', 'Cherry', 'Yogurt', 'Soup', 'Seafood', 'Fruits', 'Chicken soup', 'Bread', 'Congee', 'Ramen', 'Stew', 'Jam', 'Cake', 'Carrot']"
Asian cuisine,East Asian cuisine,,Korean_Chinese_cuisine,2,"['Pork', 'Fried egg', 'Rice', 'Meat', 'Corn', 'Beef', 'Soup', 'Seafood', 'Fruits', 'Chicken soup', 'Chowder', 'Toast']"
Asian cuisine,East Asian cuisine,,Korean_regional_cuisine,2,"['Pork', 'Pear', 'Dumplings', 'Rice', 'Persimmon', 'Cheese', 'Sausage', 'Fried rice', 'Fish', 'Cracker', 'Grains', 'Meat', 'Cabbage', 'Corn', 'Beef', 'Pancake', 'Soup', 'Poached egg', 'Seafood', 'Fruits', 'Ribs', 'Cereal', 'Stew', 'Cake', 'Orange']"
Asian cuisine,East Asian cuisine,,Korean_royal_court_cuisine,2,"['Pork', 'Fried egg', 'Milk', 'Pear', 'Dumplings', 'Steak', 'Rice', 'Apricot', 'Persimmon', 'Eggs', 'Fish', 'Grains', 'Meat', 'Cabbage', 'Spinach', 'Beef', 'Pancake', 'Soup', 'Poached egg', 'Cow milk', 'Seafood', 'Fruits', 'Ribs', 'Congee', 'Stew', 'Cake']"
Asian cuisine,East Asian cuisine,,Korean_temple_cuisine,2,"['Rice', 'Pancake', 'Soup', 'Seafood', 'Congee', 'Cake']"
Asian cuisine,East Asian cuisine,,Koryo-saram_cuisine,2,"['Pork', 'Rice', 'Sausage', 'Fish', 'Cabbage', 'Soup', 'Seafood', 'Stew', 'Carrot']"
Asian cuisine,East Asian cuisine,,North_Korean_cuisine,2,"['Pork', 'Rice', 'Eggs', 'Meatball', 'Fish', 'Pizza', 'Meat', 'Cabbage', 'Corn', 'Beef', 'Pancake', 'Soup', 'Seafood', 'Cookie', 'Sushi', 'Bread', 'Congee', 'Ramen', 'Stew', 'Salmon', 'Cake']"
Asian cuisine,East Asian cuisine,,Sakhalin_Korean_cuisine,2,"['Rice', 'Fish', 'Soup', 'Seafood', 'Stew', 'Curry']"
Asian cuisine,East Asian cuisine,,South_Korean_cuisine,2,['Rice']
Asian cuisine,East Asian cuisine,,Vietnamese_cuisine,1,"['Duck', 'Pork', 'Fried egg', 'Milk', 'Sandwiches', 'Shrimp and prawn', 'Pineapple', 'Wonton', 'Dumplings', 'Avocado', 'Steak', 'Rice', 'Apricot', 'Omelette', 'Persimmon', 'Cheese', 'Butter', 'Sausage', 'Eggs', 'Bacon', 'Donuts', 'Mooncake', 'Fried rice', 'Meatball', 'Bok choy', 'Fish', 'Soy milk', 'Cracker', 'Meat', 'Kebab', 'Cabbage', 'Apple', 'Ice cream', 'Corn', 'Croissant', 'Spinach', 'Beef', 'Ham', 'Durian', 'Yogurt', 'Soup', 'Pudding', 'Strawberry', 'Seafood', 'Banana', 'Pie', 'Mayonnaise', 'Fruits', 'Ribs', 'Chicken soup', 'Mango', 'Bread', 'Watermelon', 'Congee', 'Dragonfruit', 'Baguette', 'Asparagus', 'Egg roll', 'Har gow', 'Vanilla', 'Stew', 'Spring roll', 'Curry', 'Cake', 'Carrot', 'Orange']"
Asian cuisine,East Asian cuisine,Chinese cuisine,Beijing_cuisine,2,"['Duck', 'Pork', 'Fried egg', 'Milk', 'Wonton', 'Rice', 'Butter', 'Eggs', 'Meatball', 'Fish', 'Soy milk', 'Meat', 'Cabbage', 'Corn', 'Beef', 'Ham', 'Pancake', 'Poultry', 'Yogurt', 'Soup', 'Pudding', 'Seafood', 'Pie', 'Cookie', 'Peking duck', 'Ribs', 'Watermelon', 'Spring roll', 'Gravy', 'Cake']"
Asian cuisine,East Asian cuisine,Chinese cuisine,Chinese_aristocrat_cuisine,3,"['Pork', 'Stew', 'Gravy']"
Asian cuisine,East Asian cuisine,Chinese cuisine,Chinese_imperial_cuisine,3,"['Duck', 'Rice', 'Meat', 'Beef', 'Soup', 'Peking duck', 'Stew', 'Carrot']"
Asian cuisine,East Asian cuisine,Chinese cuisine,Henan_cuisine,2,"['Duck', 'Pork', 'Meat', 'Soup', 'Bread']"
Asian cuisine,East Asian cuisine,Chinese cuisine,Northeastern_Chinese_cuisine,2,"['Pork', 'Dumplings', 'Rice', 'Sausage', 'Fish', 'Cornbread', 'Grains', 'Cabbage', 'Tea egg', 'Soup', 'Seafood', 'Ribs', 'Bread', 'Congee', 'Stew']"
Asian cuisine,East Asian cuisine,Chinese cuisine,Jilin_cuisine,3,"['Pork', 'Rice', 'Fish', 'Beef', 'Soup', 'Seafood', 'Chicken soup']"
Asian cuisine,East Asian cuisine,Chinese cuisine,Liaoning_cuisine,3,"['Pork', 'Cabbage', 'Soup', 'Stew']"
Asian cuisine,East Asian cuisine,Chinese cuisine,Manchu_cuisine,3,"['Pork', 'Rice', 'Sausage', 'Meat', 'Cabbage', 'Corn', 'Soup', 'Cake']"
Asian cuisine,East Asian cuisine,Chinese cuisine,Shandong_cuisine,2,"['Shrimp and prawn', 'Rice', 'Grains', 'Corn', 'Soup', 'Seafood', 'Fruits', 'Ribs', 'Congee', 'Stew']"
Asian cuisine,East Asian cuisine,Chinese cuisine,Shanxi_cuisine,2,"['Duck', 'Pork', 'Rice', 'Cheese', 'Meat', 'Beef', 'Soup', 'Seafood', 'Flatbread', 'Cake']"
Asian cuisine,East Asian cuisine,Chinese cuisine,Tianjin_cuisine,2,"['Duck', 'Pork', 'Pear', 'Rice', 'Eggs', 'Fish', 'Meat', 'Cabbage', 'Apple', 'Beef', 'Pancake', 'Soup', 'Seafood', 'Cake', 'Carrot']"
Asian cuisine,East Asian cuisine,Chinese cuisine,Xuzhou_cuisine,2,"['Pork', 'Burrito', 'Fish', 'Meat', 'Soup', 'Chicken soup', 'Bread']"
Asian cuisine,East Asian cuisine,Chinese cuisine,Anhui_cuisine,2,"['Duck', 'Pork', 'Dumplings', 'Rice', 'Eggs', 'Fish', 'Meat', 'Ham', 'Soup', 'Peking duck']"
Asian cuisine,East Asian cuisine,Chinese cuisine,Jiangsu_cuisine,2,"['Duck', 'Omelette', 'Meatball', 'Fish', 'Meat', 'Soup', 'Seafood', 'Ribs', 'Scrambled egg']"
Asian cuisine,East Asian cuisine,Chinese cuisine,Huaiyang_cuisine,3,"['Duck', 'Pork', 'Dumplings', 'Rice', 'Fried rice', 'Fish', 'Meat', 'Ham', 'Soup', 'Ribs']"
Asian cuisine,East Asian cuisine,Chinese cuisine,Shanghai_cuisine,2,"['Pork', 'Milk', 'Dumplings', 'Steak', 'Rice', 'Butter', 'Eggs', 'Mooncake', 'Meatball', 'Bok choy', 'Fish', 'Soy milk', 'Meat', 'Cabbage', 'Beef', 'Pancake', 'Poultry', 'Soup', 'Seafood', 'Ribs', 'Bread', 'Stew']"
Asian cuisine,East Asian cuisine,Chinese cuisine,Haipai_cuisine,3,"['Pork', 'Rice', 'Minestrone', 'Sausage', 'Meat', 'Beef', 'Soup', 'Mayonnaise', 'Bread', 'Carrot']"
Asian cuisine,East Asian cuisine,Chinese cuisine,Zhejiang_cuisine,2,"['Duck', 'Pork', 'Fried egg', 'Dumplings', 'Rice', 'Fish', 'Meat', 'Ham', 'Poultry', 'Soup', 'Seafood']"
Asian cuisine,East Asian cuisine,Chinese cuisine,Gansu_cuisine,2,"['Pork', 'Dumplings', 'Rice', 'Meat', 'Beef', 'Ham', 'Soup']"
Asian cuisine,East Asian cuisine,Chinese cuisine,Qinghai_cuisine,2,"['Dumplings', 'Butter', 'Sausage', 'Meat', 'Spinach', 'Beef', 'Carrot']"
Asian cuisine,East Asian cuisine,Chinese cuisine,Shaanxi_cuisine,2,"['Duck', 'Pork', 'Rice', 'Hamburgers', 'Meat', 'Beef', 'Pancake', 'Soup', 'Seafood', 'Fruits', 'Bread', 'Pasta', 'Cake']"
Asian cuisine,East Asian cuisine,Chinese cuisine,Guilin_cuisine,2,"['Milk', 'Rice', 'Persimmon', 'Fish', 'Meat', 'Banana', 'Cereal', 'Orange']"
Asian cuisine,East Asian cuisine,Chinese cuisine,Guizhou_cuisine,2,"['Pork', 'Rice', 'Bacon', 'Fried rice', 'Fish', 'Grains', 'Meat', 'Cabbage', 'Ham', 'Soup', 'Spring roll']"
Asian cuisine,East Asian cuisine,Chinese cuisine,Hubei_cuisine,2,"['Duck', 'Pork', 'Rice', 'Eggs', 'Fish', 'Beef', 'Soup']"
Asian cuisine,East Asian cuisine,Chinese cuisine,Hunan_cuisine,2,"['Duck', 'Pork', 'Rice', 'Fish', 'Meat', 'Beef', 'Ham', 'Ribs', 'Cake']"
Asian cuisine,East Asian cuisine,Chinese cuisine,Jiangxi_cuisine,2,"['Duck', 'Pork', 'Rice', 'Bacon', 'Fish', 'Meat', 'Beef', 'Soup', 'Chicken soup', 'Stew', 'Cake']"
Asian cuisine,East Asian cuisine,Chinese cuisine,Sichuan_cuisine,2,"['Duck', 'Pork', 'Rice', 'Fish', 'Meat', 'Corn', 'Beef', 'Ham', 'Soup', 'Ribs', 'Orange']"
Asian cuisine,East Asian cuisine,Chinese cuisine,Yunnan_cuisine,2,"['Duck', 'Pork', 'Milk', 'Pineapple', 'Rice', 'Cheese', 'Eggs', 'Fried rice', 'Fish', 'Meat', 'Corn', 'Beef', 'Ham', 'Soup', 'Banana', 'Peking duck', 'Chicken soup', 'Bread', 'Cake']"
Asian cuisine,East Asian cuisine,Chinese cuisine,Cantonese_cuisine,2,"['Duck', 'Pork', 'Milk', 'Century egg', 'Wonton', 'Rice', 'Apricot', 'Omelette', 'Cheese', 'Sausage', 'Eggs', 'Fried rice', 'Bok choy', 'Fish', 'Meat', 'Corn', 'Spinach', 'Beef', 'Ham', 'Soup', 'Pudding', 'Seafood', 'Peking duck', 'Ribs', 'Chicken feet', 'Shaved ice', 'Bread', 'Congee', 'Stew', 'Cake', 'Orange']"
Asian cuisine,East Asian cuisine,Chinese cuisine,Guangxi_cuisine,3,"['Duck', 'Pork', 'Rice', 'Fish', 'Meat', 'Seafood']"
Asian cuisine,East Asian cuisine,Chinese cuisine,Hong_Kong_cuisine,3,"['Duck', 'Pork', 'Fried egg', 'Milk', 'Century egg', 'Shrimp and prawn', 'Rice', 'Cheese', 'Fun guo', 'Sausage', 'Eggs', 'Fried rice', 'Meatball', 'Fish', 'Soy milk', 'Meat', 'Cabbage', 'Ice cream', 'Corn', 'Beef', 'Ham', 'Soup', 'Seafood', 'Almond milk', 'Mayonnaise', 'Fruits', 'Peking duck', 'French fries', 'Ribs', 'Waffle', 'Bread', 'Congee', 'Pasta', 'Asparagus', 'Stew', 'Spring roll', 'Gravy', 'Cake', 'Toast']"
Asian cuisine,East Asian cuisine,Chinese cuisine,Macanese_cuisine,3,"['Pork', 'Milk', 'Apricot', 'Pudding', 'Curry']"
Asian cuisine,East Asian cuisine,Chinese cuisine,Hakka_cuisine,2,"['Duck', 'Pork', 'Rice', 'Meatball', 'Fish', 'Meat', 'Beef', 'Soup', 'Seafood', 'Stew']"
Asian cuisine,East Asian cuisine,Chinese cuisine,Fujian_cuisine,2,"['Duck', 'Pork', 'Wonton', 'Steak', 'Rice', 'Apricot', 'Omelette', 'Eggs', 'Fish', 'Meat', 'Ham', 'Soup', 'Seafood', 'Ribs', 'Chicken soup', 'Stew', 'Curry']"
Asian cuisine,East Asian cuisine,Chinese cuisine,Fuzhou_cuisine,3,"['Pork', 'Wonton', 'Fish', 'Beef']"
Asian cuisine,East Asian cuisine,Chinese cuisine,Hainan_cuisine,3,"['Duck', 'Pork', 'Milk', 'Rice', 'Fish', 'Meat', 'Ice cream', 'Beef', 'Soup', 'Seafood', 'Cereal', 'Chicken soup', 'Congee', 'Gravy']"
Asian cuisine,East Asian cuisine,Chinese cuisine,Putian_cuisine,3,"['Pork', 'Dumplings', 'Meat', 'Soup', 'Seafood']"
Asian cuisine,East Asian cuisine,Chinese cuisine,Teochew_cuisine,3,"['Duck', 'Pork', 'Milk', 'Dumplings', 'Rice', 'Omelette', 'Fun guo', 'Sausage', 'Eggs', 'Fish', 'Meat', 'Cabbage', 'Corn', 'Spinach', 'Beef', 'Soup', 'Peach', 'Seafood', 'Ribs', 'Congee', 'Stew', 'Salmon', 'Spring roll', 'Cake', 'Carrot']"
Asian cuisine,East Asian cuisine,Chinese cuisine,Ou_cuisine,2,"['Duck', 'Pork', 'Wonton', 'Dumplings', 'Rice', 'Sprinkles', 'Mooncake', 'Fried rice', 'Fish', 'Meat', 'Soup', 'Seafood', 'Fruits', 'Cake']"
Asian cuisine,East Asian cuisine,Chinese cuisine,Taiwan_cuisine,2,"['Duck', 'Pork', 'Milk', 'Century egg', 'Pineapple', 'Dumplings', 'Steak', 'Rice', 'Iron egg', 'Omelette', 'Cheese', 'Butter', 'Sausage', 'Eggs', 'Boiled egg', 'Meatball', 'Fish', 'Pizza', 'Cracker', 'Meat', 'Cabbage', 'Ice cream', 'Corn', 'Banana cake', 'Beef', 'Ham', 'Pancake', 'Durian', 'Cherry', 'Poultry', 'Soup', 'Peach', 'Pudding', 'Seafood', 'Banana', 'Pie', 'Mayonnaise', 'Fruits', 'Peking duck', 'Shaved ice', 'Mango', 'Bread', 'Watermelon', 'Congee', 'Chocolate', 'Chicken steak', 'Ramen', 'Spring roll', 'Popcorn', 'Curry', 'Gravy', 'Cake', 'Toast']"
Asian cuisine,East Asian cuisine,Chinese cuisine,Kachin_cuisine,2,"['Pork', 'Rice', 'Fish', 'Meat', 'Beef', 'Biryani', 'Banana', 'Jam', 'Curry']"
Asian cuisine,East Asian cuisine,Chinese cuisine,Hmong_cuisine,3,"['Pork', 'Milk', 'Rice', 'Hamburgers', 'Sausage', 'Eggs', 'Fish', 'Pizza', 'Mashed potatoes', 'Meat', 'Cabbage', 'Corn', 'Spinach', 'Beef', 'Poultry', 'Soup', 'Chicken soup', 'Egg roll', 'Spring roll', 'Gravy', 'Cake']"
Asian cuisine,East Asian cuisine,Chinese cuisine,Mongolian_cuisine,2,"['Pork', 'Milk', 'Dumplings', 'Rice', 'Cheese', 'Eggs', 'Fish', 'Meat', 'Apple', 'Beef', 'Yogurt', 'Soup', 'Cookie', 'Fruits', 'Ribs', 'Flatbread', 'Cereal', 'Congee', 'Stew']"
Asian cuisine,East Asian cuisine,Chinese cuisine,Tibetan_cuisine,2,"['Milk', 'Rice', 'Cheese', 'Butter', 'Sausage', 'Meat', 'Cabbage', 'Beef', 'Yogurt', 'Soup', 'Fruits', 'Momo', 'Flatbread', 'Bread', 'Congee', 'Goat milk', 'Stew', 'Mozzarella', 'Curry', 'Cake']"
Asian cuisine,East Asian cuisine,Chinese cuisine,Xinjiang_cuisine,2,"['Pork', 'Milk', 'Dumplings', 'Rice', 'Bialy', 'Apricot', 'Butter', 'Grains', 'Meat', 'Kebab', 'Cabbage', 'Corn', 'Spinach', 'Beef', 'Ham', 'bagel', 'Yogurt', 'Soup', 'Fruits', 'Flatbread', 'Cereal', 'Bread', 'Congee', 'Stew', 'Cake', 'Carrot']"
Asian cuisine,East Asian cuisine,Chinese cuisine,Chinese_Buddhist_cuisine,2,"['Rice', 'Eggs', 'Fish', 'Grains', 'Meat', 'Beef', 'Soup', 'Congee', 'Stew', 'Curry']"
Asian cuisine,East Asian cuisine,Chinese cuisine,Chinese_Islamic_cuisine,2,"['Duck', 'Pork', 'Rice', 'Meat', 'Kebab', 'Cabbage', 'Beef', 'Soup', 'Seafood', 'Peking duck', 'Bread', 'Sauerkraut']"
Asian cuisine,East Asian cuisine,Chinese cuisine,American_Chinese_cuisine,2,"['Duck', 'Pork', 'Milk', 'Sandwiches', 'Wonton', 'Dumplings', 'Steak', 'Rice', 'Cheese', 'Apple pie', 'Eggs', 'Fried rice', 'Bok choy', 'Fish', 'Ravioli', 'Meat', 'Cabbage', 'Apple', 'Corn', 'Almond biscuit', 'Beef', 'Soup', 'Peach', 'Seafood', 'Pie', 'Cookie', 'Fruits', 'Peking duck', 'Chicken feet', 'Sushi', 'Chicken soup', 'Mango', 'Bread', 'Egg roll', 'Spaghetti', 'Spring roll', 'Gravy', 'Orange']"
Asian cuisine,East Asian cuisine,Chinese cuisine,Australian_Chinese_cuisine,2,"['Duck', 'Pork', 'Steak', 'Rice', 'Fried rice', 'Bok choy', 'Fish', 'Meat', 'Cabbage', 'Spinach', 'Beef', 'Ham', 'Roast chicken', 'Pancake', 'Seafood', 'Peking duck', 'Mango', 'Congee']"
Asian cuisine,East Asian cuisine,Chinese cuisine,British_Chinese_cuisine,2,"['Duck', 'Chicken balls', 'Fish', 'Pancake', 'Cherry', 'Peking duck', 'French fries', 'Curry']"
Asian cuisine,East Asian cuisine,Chinese cuisine,Burmese_Chinese_cuisine,2,"['Duck', 'Pork', 'Rice', 'Mooncake', 'Fried rice', 'Soup', 'Congee', 'Gravy']"
Asian cuisine,East Asian cuisine,Chinese cuisine,Cambodian_Chinese_cuisine,2,"['Fried egg', 'Rice', 'Fried rice', 'Fish', 'Meat', 'Soup', 'Congee']"
Asian cuisine,East Asian cuisine,Chinese cuisine,Canadian_Chinese_cuisine,2,"['Pork', 'Wonton', 'Dumplings', 'Chicken balls', 'Butter', 'Pierogi', 'Eggs', 'Fish', 'Pizza', 'Meat', 'Cabbage', 'Beef', 'Seafood', 'Pie', 'French fries', 'Ribs', 'Bread', 'Congee', 'Cake', 'Carrot', 'Orange']"
Asian cuisine,East Asian cuisine,Chinese cuisine,Caribbean_Chinese_cuisine,2,"['Duck', 'Pork', 'Rice', 'Fried rice', 'Flatbread', 'Curry']"
Asian cuisine,East Asian cuisine,Chinese cuisine,Filipino_Chinese_cuisine,2,"['Pork', 'Wonton', 'Rice', 'Fried rice', 'Fish', 'Meat', 'Cabbage', 'Beef', 'Lumpia', 'Soup', 'Seafood']"
Asian cuisine,East Asian cuisine,Chinese cuisine,Indian_Chinese_cuisine,2,"['Dumplings', 'Rice', 'Butter', 'Fried rice', 'Fish', 'Meat', 'Ice cream', 'Corn', 'Pancake', 'Soup', 'Momo', 'Scrambled egg', 'Chicken soup', 'Bread', 'Spring roll', 'Curry', 'Gravy', 'Orange']"
Asian cuisine,East Asian cuisine,Chinese cuisine,Chinese_Indonesian_cuisine,2,"['Duck', 'Pork', 'Milk', 'Century egg', 'Wonton', 'Dumplings', 'Rice', 'Omelette', 'Cheese', 'Sausage', 'Eggs', 'Sprinkles', 'Mooncake', 'Fried rice', 'Meatball', 'Fish', 'Meat', 'Cabbage', 'Beef', 'Pancake', 'Lumpia', 'Tea egg', 'Soup', 'Pudding', 'Seafood', 'Banana', 'Shaved ice', 'Bread', 'Watermelon', 'Congee', 'Chocolate', 'Spring roll', 'Curry', 'Gravy', 'Cake', 'Carrot', 'Cheddar cheese']"
Asian cuisine,East Asian cuisine,Chinese cuisine,Japanese_Chinese_cuisine,2,"['Pork', 'Pineapple', 'Dumplings', 'Steak', 'Rice', 'Omelette', 'Fried rice', 'Bok choy', 'Meat', 'Cabbage', 'Beef', 'Ham', 'Soup', 'Seafood', 'Ramen', 'Spring roll', 'Carrot', 'Orange']"
Asian cuisine,East Asian cuisine,Chinese cuisine,Chinese_Latin_American_cuisine,2,"['Pork', 'Rice', 'Fried rice', 'Bok choy']"
Asian cuisine,East Asian cuisine,Chinese cuisine,Puerto_Rican_Chinese_cuisine,3,"['Pork', 'Steak', 'Rice', 'Fried rice', 'Meat', 'Beef', 'Ham', 'French fries', 'Ribs']"
Asian cuisine,East Asian cuisine,Chinese cuisine,Korean_Chinese_cuisine,2,"['Pork', 'Fried egg', 'Rice', 'Meat', 'Corn', 'Beef', 'Soup', 'Seafood', 'Fruits', 'Chicken soup', 'Chowder', 'Toast']"
Asian cuisine,East Asian cuisine,Chinese cuisine,Malaysian_Chinese_cuisine,2,"['Duck', 'Pork', 'Fried egg', 'Milk', 'Wonton', 'Dumplings', 'Shark meat', 'Rice', 'Omelette', 'Fun guo', 'Butter', 'Sausage', 'Eggs', 'Boiled egg', 'Mooncake', 'Fish', 'Grains', 'Meat', 'Corn', 'Beef', 'Soup', 'Poached egg', 'Peach', 'Pudding', 'Seafood', 'Ribs', 'Chicken feet', 'Congee', 'Pasta', 'Spring roll', 'Curry', 'Gravy', 'Cake']"
Asian cuisine,East Asian cuisine,Chinese cuisine,New_Zealand_Chinese_cuisine,2,"['Duck', 'Pork', 'Wonton', 'Steak', 'Rice', 'Omelette', 'Fried rice', 'Fish', 'Meat', 'Cabbage', 'Beef', 'Soup', 'Fruits']"
Asian cuisine,East Asian cuisine,Chinese cuisine,Pakistani_Chinese_cuisine,2,"['Duck', 'Pineapple', 'Rice', 'Fried rice', 'Bok choy', 'Meat', 'Cabbage', 'Corn', 'Beef', 'Soup', 'Peking duck']"
Asian cuisine,East Asian cuisine,Chinese cuisine,Peranakan_cuisine,2,"['Duck', 'Pork', 'Milk', 'Shrimp and prawn', 'Pineapple', 'Rice', 'Eggs', 'Fish', 'Meat', 'Cabbage', 'Corn', 'Beef', 'Lumpia', 'Soup', 'Banana', 'Pie', 'Chicken feet', 'Bread', 'Watermelon', 'Stew', 'Spring roll', 'Curry', 'Gravy', 'Cake', 'Carrot']"
Asian cuisine,East Asian cuisine,Chinese cuisine,Singaporean_cuisine,2,"['Duck', 'Pork', 'Fried egg', 'Milk', 'Sandwiches', 'Pineapple', 'Dumplings', 'Rice', 'Omelette', 'Cheese', 'Butter', 'Sausage', 'Eggs', 'Bacon', 'Boiled egg', 'Fried rice', 'Meatball', 'Fish', 'Meat', 'Cabbage', 'Ice cream', 'Corn', 'Spinach', 'Blueberry', 'Beef', 'Ham', 'Pancake', 'Durian', 'Biryani', 'Yogurt', 'Soup', 'Strawberry', 'Seafood', 'Banana', 'Pie', 'Fruits', 'Flatbread', 'Cereal', 'Carrot cake', 'Chicken soup', 'Mango', 'Bread', 'Chocolate', 'Vanilla', 'Stew', 'Jam', 'Spring roll', 'Curry', 'Gravy', 'Cake', 'Toast', 'Carrot']"
Asian cuisine,Highland Asian cuisine,,Bhutanese_cuisine,1,"['Pork', 'Milk', 'Dumplings', 'Rice', 'Cheese', 'Butter', 'Sausage', 'Fried rice', 'Meat', 'Spinach', 'Beef', 'Momo', 'Curry', 'Cheddar cheese']"
Asian cuisine,Highland Asian cuisine,,Mongolian_cuisine,1,"['Pork', 'Milk', 'Dumplings', 'Rice', 'Cheese', 'Eggs', 'Fish', 'Meat', 'Apple', 'Beef', 'Yogurt', 'Soup', 'Cookie', 'Fruits', 'Ribs', 'Flatbread', 'Cereal', 'Congee', 'Stew']"
Asian cuisine,Highland Asian cuisine,,Buryat_cuisine,2,"['Milk', 'Dumplings', 'Cheese', 'Fish', 'Pizza', 'Meat', 'Beef', 'Soup', 'Flatbread', 'Stew']"
Asian cuisine,Highland Asian cuisine,,Sikkimese_cuisine,1,"['Pork', 'Rice', 'Cheese', 'Butter', 'Meat', 'Cabbage', 'Beef', 'Soup', 'Fruits', 'Momo', 'Cereal', 'Bread', 'Curry', 'Orange']"
Asian cuisine,Highland Asian cuisine,,Tibetan_cuisine,1,"['Milk', 'Rice', 'Cheese', 'Butter', 'Sausage', 'Meat', 'Cabbage', 'Beef', 'Yogurt', 'Soup', 'Fruits', 'Momo', 'Flatbread', 'Bread', 'Congee', 'Goat milk', 'Stew', 'Mozzarella', 'Curry', 'Cake']"
Asian cuisine,North Asian cuisine,,Russian_cuisine,1,"['Pork', 'Milk', 'Pear', 'Dumplings', 'Steak', 'Rice', 'Cheese', 'Butter', 'Pierogi', 'Sausage', 'Eggs', 'Fish', 'Ravioli', 'Grains', 'Mashed potatoes', 'Meat', 'Kebab', 'Cabbage', 'Apple', 'Ice cream', 'Cranberry', 'Beef', 'Ham', 'Pancake', 'Cherry', 'Poultry', 'Yogurt', 'Soup', 'Raspberry', 'Pudding', 'Pie', 'Mayonnaise', 'Fruits', 'Cereal', 'Bread', 'Chocolate', 'Stew', 'Jam', 'Salmon', 'Sauerkraut', 'Gravy', 'Cake', 'Orange']"
Asian cuisine,North Asian cuisine,,Buryat_cuisine,2,"['Milk', 'Dumplings', 'Cheese', 'Fish', 'Pizza', 'Meat', 'Beef', 'Soup', 'Flatbread', 'Stew']"
Asian cuisine,North Asian cuisine,,Chukchi_cuisine,2,"['Meat', 'Bread', 'Stew']"
Asian cuisine,North Asian cuisine,,Cuisine_of_Commander_Islands,2,"['Rice', 'Fish', 'Meat', 'Seafood', 'Pie', 'Carrot']"
Asian cuisine,North Asian cuisine,,Sakha_cuisine,2,"['Milk', 'Butter', 'Sausage', 'Fish', 'Grains', 'Meat', 'Beef', 'Yogurt', 'Bread']"
Asian cuisine,North Asian cuisine,,Sakhalin_Korean_cuisine,2,"['Rice', 'Fish', 'Soup', 'Seafood', 'Stew', 'Curry']"
Asian cuisine,North Asian cuisine,,Yamal_cuisine,2,"['Fish', 'Meat', 'Soup', 'Pie', 'Bread', 'Salmon']"
Asian cuisine,North Asian cuisine,,Yup'ik_cuisine,2,"['Duck', 'Hardtack', 'Steak', 'Rice', 'Cheese', 'Sausage', 'Eggs', 'Meatball', 'Fish', 'Cracker', 'Grains', 'Meat', 'Ice cream', 'Spinach', 'Pancake', 'Poultry', 'Soup', 'Cookie', 'Bread', 'Pretzel', 'Stew', 'Jam', 'Arepa', 'Salmon']"
Asian cuisine,South Asian cuisine,,Bangladeshi_cuisine,1,"['Duck', 'Pork', 'Milk', 'Dumplings', 'Rice', 'Cheese', 'Fish', 'Meat', 'Kebab', 'Beef', 'Biryani', 'Yogurt', 'Banana', 'Fruits', 'Flatbread', 'Bread', 'Pretzel', 'Stew', 'Curry', 'Cake', 'Toast']"
Asian cuisine,South Asian cuisine,,Bengali_cuisine,2,"['Duck', 'Milk', 'Steak', 'Rice', 'Cheese', 'Butter', 'Eggs', 'Fish', 'Grains', 'Meat', 'Kebab', 'Beef', 'Biryani', 'Yogurt', 'Soup', 'Pudding', 'Banana', 'Fruits', 'Momo', 'Ribs', 'Mango', 'Bread', 'Chocolate', 'Stew', 'Jam', 'Curry', 'Gravy']"
Asian cuisine,South Asian cuisine,,Maldivian_cuisine,1,"['Milk', 'Rice', 'Eggs', 'Fish', 'Fruits', 'Flatbread', 'Bread', 'Congee', 'Curry']"
Asian cuisine,South Asian cuisine,,Nepalese_cuisine,1,"['Pork', 'Milk', 'Pear', 'Dumplings', 'Rice', 'Apricot', 'Cheese', 'Butter', 'Sausage', 'Eggs', 'Fish', 'Pizza', 'Grains', 'Meat', 'Cabbage', 'Apple', 'Corn', 'Spinach', 'Beef', 'Biryani', 'bagel', 'Poultry', 'Yogurt', 'Soup', 'Peach', 'Pudding', 'Banana', 'Fruits', 'Momo', 'Flatbread', 'Cereal', 'Mango', 'Bread', 'Pasta', 'Curry', 'Cake', 'Orange']"
Asian cuisine,South Asian cuisine,,Newari_cuisine,2,"['Duck', 'Fried egg', 'Milk', 'Dumplings', 'Rice', 'Fish', 'Meat', 'Corn', 'Pancake', 'Yogurt', 'Soup', 'Momo', 'Bread', 'Popcorn', 'Curry', 'Cake']"
Asian cuisine,South Asian cuisine,,Sri_Lankan_cuisine,1,"['Pork', 'Milk', 'Shrimp and prawn', 'Pineapple', 'Shark meat', 'Avocado', 'Rice', 'Cheese', 'Hamburgers', 'Butter', 'Eggs', 'Fried rice', 'Fish', 'Pizza', 'Grains', 'Meat', 'Apple', 'Ice cream', 'Spinach', 'Beef', 'Soup', ""McDonald's"", 'Pudding', 'Seafood', 'Banana', 'Fruits', 'Flatbread', 'Bread', 'Egg roll', 'Spring roll', 'Curry', 'Cake', 'Orange']"
Asian cuisine,South Asian cuisine,Indian cuisine,Goan_cuisine,2,"['Pork', 'Milk', 'Shrimp and prawn', 'Croquette', 'Shark meat', 'Rice', 'Omelette', 'Sausage', 'Fish', 'Meat', 'Cabbage', 'Beef', 'bagel', 'Soup', 'Pudding', 'Seafood', 'Banana', 'Fruits', 'Mango', 'Bread', 'Stew', 'Curry', 'Gravy', 'Cake']"
Asian cuisine,South Asian cuisine,Indian cuisine,Goan_Catholic_cuisine,3,"['Pork', 'Fried egg', 'Rice', 'Sausage', 'Eggs', 'Fish', 'Beef', 'Pancake', 'Pudding', 'Fruits', 'Congee', 'Curry', 'Gravy', 'Cake']"
Asian cuisine,South Asian cuisine,Indian cuisine,Gujarati_cuisine,2,"['Milk', 'Dumplings', 'Rice', 'Eggs', 'Fried rice', 'Fish', 'Cabbage', 'Ice cream', 'Corn', 'Spinach', 'Yogurt', 'Pudding', 'Seafood', 'Banana', 'Flatbread', 'Mango', 'Bread', 'Curry', 'Cake']"
Asian cuisine,South Asian cuisine,Indian cuisine,Maharashtrian_cuisine,2,"['Duck', 'Pork', 'Milk', 'Dumplings', 'Rice', 'Cheese', 'Butter', 'Eggs', 'Fish', 'Pizza', 'Grains', 'Meat', 'Apple', 'Spinach', 'Beef', 'Pancake', 'Poultry', 'Yogurt', 'Soup', 'Cow milk', 'Seafood', 'Banana', 'Fruits', 'Flatbread', 'Cereal', 'Mango', 'Bread', 'Stew', 'Salmon', 'Curry', 'Gravy', 'Cake']"
Asian cuisine,South Asian cuisine,Indian cuisine,Malvani_cuisine,2,"['Duck', 'Milk', 'Rice', 'Fish', 'Pancake', 'Mango', 'Bread', 'Curry', 'Gravy', 'Cake']"
Asian cuisine,South Asian cuisine,Indian cuisine,Parsi_cuisine,2,"['Milk', 'Dumplings', 'Rice', 'Omelette', 'Eggs', 'Fish', 'Meat', 'Pudding', 'Banana', 'French fries', 'Curry', 'Gravy']"
Asian cuisine,South Asian cuisine,Indian cuisine,Rajasthani_cuisine,2,"['Milk', 'Dumplings', 'Rice', 'Cheese', 'Butter', 'Fish', 'Meat', 'Kebab', 'Apple', 'Corn', 'Spinach', 'Yogurt', 'Pudding', 'Fruits', 'Flatbread', 'Cereal', 'Mango', 'Bread', 'Pasta', 'Curry', 'Gravy', 'Cake', 'Carrot']"
Asian cuisine,South Asian cuisine,Indian cuisine,Sindhi_cuisine,2,"['Duck', 'Pork', 'Milk', 'Rice', 'Butter', 'Fish', 'Meat', 'Cabbage', 'Ice cream', 'Corn', 'Spinach', 'Beef', 'Biryani', 'Yogurt', 'Pudding', 'Seafood', 'Fruits', 'Flatbread', 'Mango', 'Bread', 'Curry', 'Gravy', 'Carrot']"
Asian cuisine,South Asian cuisine,Indian cuisine,North_Indian_cuisine,1,['Milk']
Asian cuisine,South Asian cuisine,Indian cuisine,Bhojpuri_cuisine,2,"['Pork', 'Milk', 'Dumplings', 'Rice', 'Apricot', 'Cheese', 'Butter', 'Fish', 'Mashed potatoes', 'Meat', 'Kebab', 'Cabbage', 'Beef', 'Biryani', 'Poultry', 'Yogurt', 'Soup', 'Fruits', 'Cereal', 'Mango', 'Bread', 'Watermelon', 'Curry', 'Gravy', 'Carrot', 'Orange']"
Asian cuisine,South Asian cuisine,Indian cuisine,Kashmiri_cuisine,2,"['Duck', 'Pork', 'Milk', 'Pear', 'Wonton', 'Dumplings', 'Rice', 'Apricot', 'Omelette', 'Cheese', 'Butter', 'Eggs', 'Boiled egg', 'Fried rice', 'Meatball', 'Fish', 'Grains', 'Meat', 'Kebab', 'Cabbage', 'Apple', 'Corn', 'Spinach', 'Beef', 'Pancake', 'Cherry', 'Biryani', 'bagel', 'Poultry', 'Yogurt', 'Soup', 'Peach', 'Raspberry', 'Pudding', 'Strawberry', 'Cow milk', 'Onion rings', 'Cookie', 'Fruits', 'Momo', 'Feta', 'Ribs', 'Flatbread', 'Chicken soup', 'Mango', 'Bread', 'Pasta', 'Asparagus', 'Egg roll', 'Stew', 'Mozzarella', 'Salmon', 'Curry', 'Gravy', 'Cake', 'Toast', 'Orange']"
Asian cuisine,South Asian cuisine,Indian cuisine,Maithil_cuisine,2,"['Milk', 'Dumplings', 'Rice', 'Fish', 'Meat', 'Corn', 'Spinach', 'Pancake', 'Yogurt', 'Seafood', 'Mango', 'Stew', 'Curry', 'Gravy']"
Asian cuisine,South Asian cuisine,Indian cuisine,Mughlai_cuisine,2,"['Milk', 'Rice', 'Omelette', 'Cheese', 'Butter', 'Fish', 'Meat', 'Kebab', 'Biryani', 'Yogurt', 'Pudding', 'Fruits', 'Mango', 'Bread', 'Curry']"
Asian cuisine,South Asian cuisine,Indian cuisine,Punjabi_cuisine,2,"['Milk', 'Shrimp and prawn', 'Rice', 'Cheese', 'Butter', 'Eggs', 'Fish', 'Grains', 'Meat', 'Kebab', 'Corn', 'Spinach', 'Beef', 'Biryani', 'Poultry', 'Yogurt', 'Soup', 'Cow milk', 'Fruits', 'Butter chicken', 'Flatbread', 'Mango', 'Bread', 'Watermelon', 'Pasta', 'Stew', 'Curry', 'Gravy', 'Carrot']"
Asian cuisine,South Asian cuisine,Indian cuisine,Rajasthani_cuisine,2,"['Milk', 'Dumplings', 'Rice', 'Cheese', 'Butter', 'Fish', 'Meat', 'Kebab', 'Apple', 'Corn', 'Spinach', 'Yogurt', 'Pudding', 'Fruits', 'Flatbread', 'Cereal', 'Mango', 'Bread', 'Pasta', 'Curry', 'Gravy', 'Cake', 'Carrot']"
Asian cuisine,South Asian cuisine,Indian cuisine,Cuisine_of_Uttar_Pradesh,2,"['Milk', 'Rice', 'Butter', 'Kebab', 'Biryani', 'Flatbread', 'Mango', 'Bread', 'Curry']"
Asian cuisine,South Asian cuisine,Indian cuisine,Awadhi_cuisine,3,"['Milk', 'Rice', 'Cheese', 'Butter', 'Eggs', 'Fish', 'Grains', 'Meat', 'Kebab', 'Beef', 'Biryani', 'Yogurt', 'Banana', 'Cereal', 'Mango', 'Bread', 'Curry']"
Asian cuisine,South Asian cuisine,Indian cuisine,South_Indian_cuisine,1,"['Milk', 'Rice', 'Meat', 'Cabbage', 'Seafood', 'Banana', 'Fruits', 'Curry']"
Asian cuisine,South Asian cuisine,Indian cuisine,Karnataka_cuisine,2,"['Rice', 'Meat', 'Banana', 'Mango']"
Asian cuisine,South Asian cuisine,Indian cuisine,Mangalorean_cuisine,3,"['Pork', 'Milk', 'Rice', 'Fish', 'Meat', 'Biryani', 'Bread', 'Curry', 'Gravy']"
Asian cuisine,South Asian cuisine,Indian cuisine,Mangalorean_Catholic_Cuisine,4,"['Pork', 'Milk', 'Rice', 'Butter', 'Eggs', 'Fish', 'Meat', 'Banana', 'Bread', 'Curry', 'Gravy', 'Cake']"
Asian cuisine,South Asian cuisine,Indian cuisine,Udupi_cuisine,3,"['Dumplings', 'Rice', 'Butter', 'Grains', 'Soup', 'Pudding', 'Banana', 'Fruits', 'Mango', 'Stew', 'Curry', 'Gravy']"
Asian cuisine,South Asian cuisine,Indian cuisine,Kerala_cuisine,2,"['Duck', 'Pork', 'Milk', 'Dumplings', 'Rice', 'Eggs', 'Fried rice', 'Fish', 'Meat', 'Beef', 'Pancake', 'Biryani', 'Poultry', 'Seafood', 'Banana', 'Flatbread', 'Bread', 'Stew', 'Curry', 'Cake']"
Asian cuisine,South Asian cuisine,Indian cuisine,Tamil_cuisine,2,"['Milk', 'Pineapple', 'Dumplings', 'Rice', 'Omelette', 'Butter', 'Fried rice', 'Fish', 'Grains', 'Meat', 'Cabbage', 'Apple', 'Spinach', 'Biryani', 'Soup', 'Pudding', 'Seafood', 'Banana', 'Fruits', 'Chicken soup', 'Chowder', 'Mango', 'Congee', 'Asparagus', 'Stew', 'Salmon', 'Popcorn', 'Curry', 'Gravy', 'Cake', 'Carrot']"
Asian cuisine,South Asian cuisine,Indian cuisine,Chettinad_cuisine,3,"['Rice', 'Fish', 'Meat', 'Biryani', 'Pudding', 'Fruits']"
Asian cuisine,South Asian cuisine,Indian cuisine,Telugu_cuisine,2,"['Duck', 'Pork', 'Milk', 'Shark meat', 'Rice', 'Butter', 'Eggs', 'Fried rice', 'Fish', 'Grains', 'Meat', 'Corn', 'Spinach', 'Beef', 'Pancake', 'Biryani', 'Poultry', 'Yogurt', 'Soup', 'Pudding', 'Seafood', 'Banana', 'Fruits', 'Flatbread', 'Mango', 'Bread', 'Stew', 'Curry', 'Gravy', 'Carrot']"
Asian cuisine,South Asian cuisine,Indian cuisine,Andhra_cuisine,3,"['Duck', 'Pork', 'Milk', 'Shark meat', 'Rice', 'Butter', 'Eggs', 'Fried rice', 'Fish', 'Grains', 'Meat', 'Corn', 'Spinach', 'Beef', 'Pancake', 'Biryani', 'Poultry', 'Yogurt', 'Soup', 'Pudding', 'Seafood', 'Banana', 'Fruits', 'Flatbread', 'Mango', 'Bread', 'Stew', 'Curry', 'Gravy', 'Carrot']"
Asian cuisine,South Asian cuisine,Indian cuisine,Hyderabadi_cuisine,3,"['Tomato soup', 'Milk', 'Rice', 'Apricot', 'Omelette', 'Meat', 'Kebab', 'Beef', 'Pancake', 'Biryani', 'Soup', 'Pudding', 'Fruits', 'Bread', 'Stew', 'Curry']"
Asian cuisine,South Asian cuisine,Indian cuisine,North_East_Indian_cuisine,1,"['Duck', 'Pork', 'Rice', 'Fish', 'Meat', 'Beef', 'Pie', 'Fruits', 'Momo', 'Stew', 'Orange']"
Asian cuisine,South Asian cuisine,Indian cuisine,Assamese_cuisine,2,"['Duck', 'Pork', 'Milk', 'Rice', 'Butter', 'Eggs', 'Fish', 'Meat', 'Apple', 'Spinach', 'Beef', 'Yogurt', 'Soup', 'Banana', 'Fruits', 'Butter chicken', 'Mango', 'Stew', 'Curry', 'Gravy', 'Cake', 'Carrot']"
Asian cuisine,South Asian cuisine,Indian cuisine,Manipuri_cuisine,2,"['Duck', 'Pork', 'Rice', 'Omelette', 'Fish', 'Meat', 'Cabbage', 'Beef', 'Pancake', 'Pudding', 'Seafood', 'Banana', 'Fruits', 'Stew', 'Curry']"
Asian cuisine,South Asian cuisine,Indian cuisine,Meitei_cuisine,3,"['Duck', 'Pork', 'Rice', 'Fish', 'Meat', 'Beef', 'Fruits', 'Curry', 'Carrot']"
Asian cuisine,South Asian cuisine,Indian cuisine,Mizo_cuisine,2,"['Pork', 'Fried egg', 'Rice', 'Fish', 'Meat', 'Beef', 'Bread', 'Stew', 'Curry']"
Asian cuisine,South Asian cuisine,Indian cuisine,Naga_cuisine,2,"['Pork', 'Rice', 'Fish', 'Meat', 'Beef', 'Gravy']"
Asian cuisine,South Asian cuisine,Indian cuisine,Sikkimese_cuisine,2,"['Pork', 'Rice', 'Cheese', 'Butter', 'Meat', 'Cabbage', 'Beef', 'Soup', 'Fruits', 'Momo', 'Cereal', 'Bread', 'Curry', 'Orange']"
Asian cuisine,South Asian cuisine,Indian cuisine,Tripuri_cuisine,2,"['Pork', 'Rice', 'Fish', 'Stew']"
Asian cuisine,South Asian cuisine,Indian cuisine,Bengali_cuisine,2,"['Duck', 'Milk', 'Steak', 'Rice', 'Cheese', 'Butter', 'Eggs', 'Fish', 'Grains', 'Meat', 'Kebab', 'Beef', 'Biryani', 'Yogurt', 'Soup', 'Pudding', 'Banana', 'Fruits', 'Momo', 'Ribs', 'Mango', 'Bread', 'Chocolate', 'Stew', 'Jam', 'Curry', 'Gravy']"
Asian cuisine,South Asian cuisine,Indian cuisine,Bihari_cuisine,2,"['Milk', 'Shrimp and prawn', 'Dumplings', 'Rice', 'Butter', 'Fish', 'Meat', 'Kebab', 'Apple', 'Spinach', 'Biryani', 'Yogurt', 'Pudding', 'Fruits', 'Bread', 'Watermelon', 'Curry', 'Gravy', 'Cake']"
Asian cuisine,South Asian cuisine,Indian cuisine,Jharkhandi_cuisine,2,"['Rice', 'Eggs', 'Fried rice', 'Fish', 'Meat', 'Soup', 'Bread', 'Curry']"
Asian cuisine,South Asian cuisine,Indian cuisine,Odia_cuisine,2,"['Milk', 'Shrimp and prawn', 'Dumplings', 'Rice', 'Cheese', 'Fish', 'Meat', 'Apple', 'Spinach', 'Pancake', 'Seafood', 'Banana', 'Fruits', 'Mango', 'Curry', 'Gravy', 'Cake', 'Toast']"
Asian cuisine,South Asian cuisine,Indian cuisine,Oriya_cuisine,2,"['Milk', 'Shrimp and prawn', 'Dumplings', 'Rice', 'Cheese', 'Fish', 'Meat', 'Apple', 'Spinach', 'Pancake', 'Seafood', 'Banana', 'Fruits', 'Mango', 'Curry', 'Gravy', 'Cake', 'Toast']"
Asian cuisine,South Asian cuisine,Indian cuisine,Anglo-Indian_cuisine,2,"['Duck', 'Pork', 'Milk', 'Steak', 'Rice', 'Butter', 'Eggs', 'Bacon', 'Boiled egg', 'Fish', 'Meat', 'Soup', 'Pudding', 'Banana', 'Bread', 'Jam', 'Curry', 'Cake', 'Orange']"
Asian cuisine,South Asian cuisine,Indian cuisine,Indian_Chinese_cuisine,2,"['Dumplings', 'Rice', 'Butter', 'Fried rice', 'Fish', 'Meat', 'Ice cream', 'Corn', 'Pancake', 'Soup', 'Momo', 'Scrambled egg', 'Chicken soup', 'Bread', 'Spring roll', 'Curry', 'Gravy', 'Orange']"
Asian cuisine,South Asian cuisine,Indian cuisine,Malaysian_Indian_cuisine,2,"['Pork', 'Milk', 'Shrimp and prawn', 'Dumplings', 'Rice', 'Omelette', 'Cheese', 'Roti Canai', 'Butter', 'Boiled egg', 'Fish', 'Cracker', 'Meat', 'Cabbage', 'Corn', 'Beef', 'Pancake', 'Biryani', 'Yogurt', 'Soup', 'Seafood', 'Banana', 'Cookie', 'Fruits', 'Butter chicken', 'Flatbread', 'Shaved ice', 'Bread', 'Pretzel', 'Stew', 'Curry', 'Gravy', 'Cake']"
Asian cuisine,South Asian cuisine,Pakistani cuisine,Balochi_cuisine,1,"['Rice', 'Fish', 'Meat', 'Biryani', 'Bread']"
Asian cuisine,South Asian cuisine,Pakistani cuisine,Hazara_cuisine,1,"['Milk', 'Rice', 'Butter', 'Meat', 'Kebab', 'Yogurt', 'Fruits', 'Ribs', 'Bread']"
Asian cuisine,South Asian cuisine,Pakistani cuisine,Kashmiri_cuisine,1,"['Duck', 'Pork', 'Milk', 'Pear', 'Wonton', 'Dumplings', 'Rice', 'Apricot', 'Omelette', 'Cheese', 'Butter', 'Eggs', 'Boiled egg', 'Fried rice', 'Meatball', 'Fish', 'Grains', 'Meat', 'Kebab', 'Cabbage', 'Apple', 'Corn', 'Spinach', 'Beef', 'Pancake', 'Cherry', 'Biryani', 'bagel', 'Poultry', 'Yogurt', 'Soup', 'Peach', 'Raspberry', 'Pudding', 'Strawberry', 'Cow milk', 'Onion rings', 'Cookie', 'Fruits', 'Momo', 'Feta', 'Ribs', 'Flatbread', 'Chicken soup', 'Mango', 'Bread', 'Pasta', 'Asparagus', 'Egg roll', 'Stew', 'Mozzarella', 'Salmon', 'Curry', 'Gravy', 'Cake', 'Toast', 'Orange']"
Asian cuisine,South Asian cuisine,Pakistani cuisine,Mughlai_cuisine,1,"['Milk', 'Rice', 'Omelette', 'Cheese', 'Butter', 'Fish', 'Meat', 'Kebab', 'Biryani', 'Yogurt', 'Pudding', 'Fruits', 'Mango', 'Bread', 'Curry']"
Asian cuisine,South Asian cuisine,Pakistani cuisine,Muhajir_cuisine,1,"['Rice', 'Meat', 'Kebab', 'Biryani', 'Flatbread', 'Curry']"
Asian cuisine,South Asian cuisine,Pakistani cuisine,Punjabi_cuisine,1,"['Milk', 'Shrimp and prawn', 'Rice', 'Cheese', 'Butter', 'Eggs', 'Fish', 'Grains', 'Meat', 'Kebab', 'Corn', 'Spinach', 'Beef', 'Biryani', 'Poultry', 'Yogurt', 'Soup', 'Cow milk', 'Fruits', 'Butter chicken', 'Flatbread', 'Mango', 'Bread', 'Watermelon', 'Pasta', 'Stew', 'Curry', 'Gravy', 'Carrot']"
Asian cuisine,South Asian cuisine,Pakistani cuisine,Lahori_cuisine,2,"['Pork', 'Rice', 'Fish', 'Grains', 'Meat', 'Kebab', 'Beef', 'Roast chicken', 'Biryani', 'Fruits', 'Bread', 'Gravy']"
Asian cuisine,South Asian cuisine,Pakistani cuisine,Saraiki_cuisine,2,"['Milk', 'Rice', 'Meat', 'Ice cream', 'Corn', 'Yogurt', 'Banana', 'Fruits', 'Shaved ice', 'Mango', 'Curry']"
Asian cuisine,South Asian cuisine,Pakistani cuisine,Pashtun_cuisine,1,"['Milk', 'Dumplings', 'Rice', 'Eggs', 'Fish', 'Meat', 'Kebab', 'Beef', 'Roast chicken', 'Biryani', 'Yogurt', 'Soup', 'Fruits', 'Ribs', 'Cereal', 'Bread']"
Asian cuisine,South Asian cuisine,Pakistani cuisine,Sindhi_cuisine,1,"['Duck', 'Pork', 'Milk', 'Rice', 'Butter', 'Fish', 'Meat', 'Cabbage', 'Ice cream', 'Corn', 'Spinach', 'Beef', 'Biryani', 'Yogurt', 'Pudding', 'Seafood', 'Fruits', 'Flatbread', 'Mango', 'Bread', 'Curry', 'Gravy', 'Carrot']"
Asian cuisine,Mainland Southeast Asian cuisine,,Burmese_cuisine,1,"['Duck', 'Pork', 'Milk', 'Pineapple', 'Wonton', 'Avocado', 'Rice', 'Omelette', 'Butter', 'Sausage', 'Eggs', 'Fried rice', 'Fish', 'Grains', 'Meat', 'Cabbage', 'Apple', 'Ice cream', 'Corn', 'Beef', 'Durian', 'Biryani', 'Poultry', 'Soup', 'Seafood', 'Banana', 'Fruits', 'Flatbread', 'Mango', 'Bread', 'Watermelon', 'Congee', 'Chocolate', 'Curry', 'Gravy', 'Cake', 'Carrot']"
Asian cuisine,Mainland Southeast Asian cuisine,,Burmese_Chinese_cuisine,2,"['Duck', 'Pork', 'Rice', 'Mooncake', 'Fried rice', 'Soup', 'Congee', 'Gravy']"
Asian cuisine,Mainland Southeast Asian cuisine,,Cambodian_cuisine,1,"['Duck', 'Pork', 'Kiwifruit', 'Milk', 'Sandwiches', 'Pineapple', 'Avocado', 'Rice', 'Omelette', 'Persimmon', 'Cheese', 'Butter', 'Eggs', 'Fried rice', 'Fish', 'Soy milk', 'Pizza', 'Meat', 'Cabbage', 'Apple', 'Corn', 'Spinach', 'Beef', 'Durian', 'Poultry', 'Soup', 'Pudding', 'Seafood', 'Banana', 'Fruits', 'Krispy Kreme', 'Mango', 'Watermelon', 'Congee', 'Baguette', 'Chocolate', 'Vanilla', 'Stew', 'Jam', 'Curry', 'Cake', 'Carrot', 'Orange']"
Asian cuisine,Mainland Southeast Asian cuisine,,Cham_cuisine,1,"['Pork', 'Rice', 'Sausage', 'Fish', 'Meat', 'Beef', 'Soup', 'Banana', 'Baguette', 'Curry']"
Asian cuisine,Mainland Southeast Asian cuisine,,Hmong_cuisine,1,"['Pork', 'Milk', 'Rice', 'Hamburgers', 'Sausage', 'Eggs', 'Fish', 'Pizza', 'Mashed potatoes', 'Meat', 'Cabbage', 'Corn', 'Spinach', 'Beef', 'Poultry', 'Soup', 'Chicken soup', 'Egg roll', 'Spring roll', 'Gravy', 'Cake']"
Asian cuisine,Mainland Southeast Asian cuisine,,Kachin_cuisine,1,"['Pork', 'Rice', 'Fish', 'Meat', 'Beef', 'Biryani', 'Banana', 'Jam', 'Curry']"
Asian cuisine,Mainland Southeast Asian cuisine,,Karen_cuisine,1,"['Rice', 'Fish', 'Meat', 'Soup', 'Seafood']"
Asian cuisine,Mainland Southeast Asian cuisine,,Manipuri_cuisine,1,"['Duck', 'Pork', 'Rice', 'Omelette', 'Fish', 'Meat', 'Cabbage', 'Beef', 'Pancake', 'Pudding', 'Seafood', 'Banana', 'Fruits', 'Stew', 'Curry']"
Asian cuisine,Mainland Southeast Asian cuisine,,Meitei_cuisine,2,"['Duck', 'Pork', 'Rice', 'Fish', 'Meat', 'Beef', 'Fruits', 'Curry', 'Carrot']"
Asian cuisine,Mainland Southeast Asian cuisine,,Mizo_cuisine,1,"['Pork', 'Fried egg', 'Rice', 'Fish', 'Meat', 'Beef', 'Bread', 'Stew', 'Curry']"
Asian cuisine,Mainland Southeast Asian cuisine,,Mon_cuisine,1,"['Rice', 'Fish', 'Pudding', 'Banana', 'Orange']"
Asian cuisine,Mainland Southeast Asian cuisine,,Naga_cuisine,1,"['Pork', 'Rice', 'Fish', 'Meat', 'Beef', 'Gravy']"
Asian cuisine,Mainland Southeast Asian cuisine,,Thai_cuisine,1,"['Duck', 'Pork', 'Fried egg', 'Milk', 'Pear', 'Pineapple', 'Croquette', 'Rice', 'Omelette', 'Cheese', 'Roti Canai', 'Sausage', 'Eggs', 'Bacon', 'Boiled egg', 'Fried rice', 'Fish', 'Soy milk', 'Grains', 'Meat', 'Cabbage', 'Apple', 'Ice cream', 'Corn', 'Beef', 'Durian', 'Biryani', 'Soup', 'Peach', 'Pudding', 'Strawberry', 'Seafood', 'Banana', 'Cookie', 'Fruits', 'Bolognese sauce', 'Shaved ice', 'Mango', 'Bread', 'Congee', 'Chocolate', 'Vanilla', 'Stew', 'Jam', 'Curry', 'Gravy', 'Cake', 'Orange']"
Asian cuisine,Mainland Southeast Asian cuisine,,Lao_cuisine,2,"['Duck', 'Pork', 'Milk', 'Century egg', 'Pear', 'Pineapple', 'Steak', 'Rice', 'Omelette', 'Sausage', 'Eggs', 'Boiled egg', 'Fried rice', 'Fish', 'Grains', 'Meat', 'Cabbage', 'Apple', 'Spinach', 'Beef', 'Roast chicken', 'Durian', 'Soup', ""McDonald's"", 'Seafood', 'Banana', 'Fruits', 'Chicken feet', 'Scrambled egg', 'Mango', 'Bread', 'Watermelon', 'Congee', 'Baguette', 'Stew', 'Spring roll', 'Curry', 'Gravy', 'Cake', 'Orange']"
Asian cuisine,Mainland Southeast Asian cuisine,,Tripuri_cuisine,1,"['Pork', 'Rice', 'Fish', 'Stew']"
Asian cuisine,Mainland Southeast Asian cuisine,,Vietnamese_cuisine,1,"['Duck', 'Pork', 'Fried egg', 'Milk', 'Sandwiches', 'Shrimp and prawn', 'Pineapple', 'Wonton', 'Dumplings', 'Avocado', 'Steak', 'Rice', 'Apricot', 'Omelette', 'Persimmon', 'Cheese', 'Butter', 'Sausage', 'Eggs', 'Bacon', 'Donuts', 'Mooncake', 'Fried rice', 'Meatball', 'Bok choy', 'Fish', 'Soy milk', 'Cracker', 'Meat', 'Kebab', 'Cabbage', 'Apple', 'Ice cream', 'Corn', 'Croissant', 'Spinach', 'Beef', 'Ham', 'Durian', 'Yogurt', 'Soup', 'Pudding', 'Strawberry', 'Seafood', 'Banana', 'Pie', 'Mayonnaise', 'Fruits', 'Ribs', 'Chicken soup', 'Mango', 'Bread', 'Watermelon', 'Congee', 'Dragonfruit', 'Baguette', 'Asparagus', 'Egg roll', 'Har gow', 'Vanilla', 'Stew', 'Spring roll', 'Curry', 'Cake', 'Carrot', 'Orange']"
Asian cuisine,Maritime Southeast Asian cuisine,,Bruneian_cuisine,1,"['Pork', 'Milk', 'Rice', 'Fish', 'Beef', 'Gravy']"
Asian cuisine,Maritime Southeast Asian cuisine,,Christmas_Island_cuisine,1,"['Pork', 'Century egg', 'Bok choy', 'Fish', 'Durian', 'Banana', 'Fruits', 'Mango']"
Asian cuisine,Maritime Southeast Asian cuisine,,Cuisine_of_East_Timor,1,"['Pork', 'Rice', 'Fish', 'Meat', 'Cabbage', 'Corn', 'Spinach', 'Beef', 'Poultry', 'Soup', 'Seafood', 'Curry', 'Cake']"
Asian cuisine,Maritime Southeast Asian cuisine,,Filipino_cuisine,1,"['Duck', 'Pork', 'Fried egg', 'Milk', 'Shrimp and prawn', 'Pineapple', 'Tamale', 'Wonton', 'Dumplings', 'Avocado', 'Steak', 'Turnover', 'Rice', 'Omelette', 'Cheese', 'Hamburgers', 'Butter', 'Sausage', 'Eggs', 'Sprinkles', 'Donuts', 'Mooncake', 'Fried rice', 'Fish', 'Cracker', 'Meat', 'Kebab', 'Cabbage', 'Ice cream', 'Corn', 'Croissant', 'Spinach', 'Sinigang', 'Beef', 'Ham', 'Pancake', 'Durian', 'Biryani', 'Poultry', 'Lumpia', 'Soup', 'Peach', 'Pudding', 'Strawberry', 'Cow milk', 'Seafood', 'Banana', 'Pie', 'Cookie', 'Fruits', 'Chicken feet', 'Flatbread', 'Chicken soup', 'Shaved ice', 'Mango', 'Bread', 'Watermelon', 'Congee', 'Chocolate', 'Hot dog', 'Alfajor', 'Egg roll', 'Stew', 'Jam', 'Spaghetti', 'Spring roll', 'Sauerkraut', 'Cantaloupe', 'Curry', 'Cake', 'Orange']"
Asian cuisine,Maritime Southeast Asian cuisine,,Filipino-American_cuisine,2,"['Pork', 'Milk', 'Wonton', 'Rice', 'Eggs', 'Fish', 'Meat', 'Sinigang', 'Beef', 'Poultry', 'Soup', 'Seafood', 'Banana', 'Fruits', 'Cake']"
Asian cuisine,Maritime Southeast Asian cuisine,,Filipino_Chinese_cuisine,2,"['Pork', 'Wonton', 'Rice', 'Fried rice', 'Fish', 'Meat', 'Cabbage', 'Beef', 'Lumpia', 'Soup', 'Seafood']"
Asian cuisine,Maritime Southeast Asian cuisine,,Ilocano_cuisine,2,"['Pork', 'Milk', 'Pineapple', 'Steak', 'Rice', 'Sausage', 'Eggs', 'Fish', 'Meat', 'Corn', 'Beef', 'Soup', 'Seafood', 'Banana', 'Fruits', 'Scrambled egg', 'Mango', 'Bread', 'Stew', 'Cake', 'Orange']"
Asian cuisine,Maritime Southeast Asian cuisine,,Kapampangan_cuisine,2,"['Duck', 'Pork', 'Rice', 'Cheese', 'Meat', 'Chopped liver', 'Ham', 'Biryani', 'Ribs', 'Stew']"
Asian cuisine,Maritime Southeast Asian cuisine,,Tagalog_cuisine,2,"['Pork', 'Steak', 'Rice', 'Fish', 'Meat', 'Sinigang', 'Beef', 'Poultry', 'Seafood', 'Pie', 'Stew', 'Cake']"
Asian cuisine,Maritime Southeast Asian cuisine,,Malaysian_cuisine,1,"['Duck', 'Pork', 'Milk', 'Century egg', 'Pear', 'Shrimp and prawn', 'Pineapple', 'Wonton', 'Dumplings', 'Shark meat', 'Avocado', 'Steak', 'Turnover', 'Rice', 'Omelette', 'Cheese', 'Roti Canai', 'Butter', 'Sausage', 'Eggs', 'Boiled egg', 'Mooncake', 'Fried rice', 'Fish', 'Soy milk', 'Cracker', 'Grains', 'Breakfast cereal', 'Meat', 'Cabbage', 'Apple', 'Ice cream', 'Corn', 'Spinach', 'Beef', 'Pancake', 'Durian', 'Biryani', 'bagel', 'Poultry', 'Yogurt', 'Soup', 'Poached egg', ""McDonald's"", 'Pudding', 'Strawberry', 'Seafood', 'Banana', 'Pie', 'Fruits', 'French fries', 'Chocolate cake', 'Ribs', 'Chicken feet', 'Flatbread', 'Cereal', 'Chicken soup', 'Shaved ice', 'Mango', 'Bread', 'Watermelon', 'Congee', 'Pasta', 'Asparagus', 'Chocolate', 'Vanilla', 'Stew', 'Jam', 'Salmon', 'Spring roll', 'Curry', 'Gravy', 'Cake', 'Toast', 'Carrot', 'Orange']"
Asian cuisine,Maritime Southeast Asian cuisine,,Arab_cuisine,2,"['Duck', 'Pork', 'Milk', 'Sandwiches', 'Rice', 'Apricot', 'Omelette', 'Cheese', 'Butter', 'Sausage', 'Eggs', 'Fish', 'Grains', 'Meat', 'Kebab', 'Cabbage', 'Apple', 'Spinach', 'Beef', 'Pancake', 'Biryani', 'Poultry', 'Yogurt', 'Soup', 'Peach', 'Pudding', 'Seafood', 'Banana', 'Pie', 'Cookie', 'Fruits', 'Momo', 'French fries', 'Flatbread', 'Cereal', 'Chicken soup', 'Mango', 'Bread', 'Watermelon', 'Pasta', 'Baguette', 'Asparagus', 'Stew', 'Spaghetti', 'Cantaloupe', 'Cake', 'Carrot', 'Orange']"
Asian cuisine,Maritime Southeast Asian cuisine,,Eurasian_cuisine_of_Singapore_and_Malaysia,2,"['Pork', 'Rice', 'Sausage', 'Mashed potatoes', 'Meat', 'Cabbage', 'Beef', 'Pie', 'Stew', 'Curry', 'Gravy', 'Cake']"
Asian cuisine,Maritime Southeast Asian cuisine,,Malay_cuisine,2,"['Pork', 'Fried egg', 'Milk', 'Century egg', 'Wonton', 'Dumplings', 'Rice', 'Omelette', 'Cheese', 'Roti Canai', 'Butter', 'Eggs', 'Boiled egg', 'Fried rice', 'Fish', 'Cracker', 'Grains', 'Meat', 'Cabbage', 'Ice cream', 'Corn', 'Spinach', 'Beef', 'Pancake', 'Durian', 'Biryani', 'Poultry', 'Soup', 'Seafood', 'Banana', 'Pie', 'Fruits', 'Chocolate cake', 'Flatbread', 'Chicken soup', 'Shaved ice', 'Mango', 'Bread', 'Chocolate', 'Stew', 'Jam', 'Spaghetti', 'Curry', 'Gravy', 'Cake', 'Toast']"
Asian cuisine,Maritime Southeast Asian cuisine,,Malaysian_Chinese_cuisine,2,"['Duck', 'Pork', 'Fried egg', 'Milk', 'Wonton', 'Dumplings', 'Shark meat', 'Rice', 'Omelette', 'Fun guo', 'Butter', 'Sausage', 'Eggs', 'Boiled egg', 'Mooncake', 'Fish', 'Grains', 'Meat', 'Corn', 'Beef', 'Soup', 'Poached egg', 'Peach', 'Pudding', 'Seafood', 'Ribs', 'Chicken feet', 'Congee', 'Pasta', 'Spring roll', 'Curry', 'Gravy', 'Cake']"
Asian cuisine,Maritime Southeast Asian cuisine,,Malaysian_Indian_cuisine,2,"['Pork', 'Milk', 'Shrimp and prawn', 'Dumplings', 'Rice', 'Omelette', 'Cheese', 'Roti Canai', 'Butter', 'Boiled egg', 'Fish', 'Cracker', 'Meat', 'Cabbage', 'Corn', 'Beef', 'Pancake', 'Biryani', 'Yogurt', 'Soup', 'Seafood', 'Banana', 'Cookie', 'Fruits', 'Butter chicken', 'Flatbread', 'Shaved ice', 'Bread', 'Pretzel', 'Stew', 'Curry', 'Gravy', 'Cake']"
Asian cuisine,Maritime Southeast Asian cuisine,,Peranakan_cuisine,2,"['Duck', 'Pork', 'Milk', 'Shrimp and prawn', 'Pineapple', 'Rice', 'Eggs', 'Fish', 'Meat', 'Cabbage', 'Corn', 'Beef', 'Lumpia', 'Soup', 'Banana', 'Pie', 'Chicken feet', 'Bread', 'Watermelon', 'Stew', 'Spring roll', 'Curry', 'Gravy', 'Cake', 'Carrot']"
Asian cuisine,Maritime Southeast Asian cuisine,,Sabahan_cuisine,2,"['Pork', 'Milk', 'Century egg', 'Rice', 'Eggs', 'Fish', 'Cracker', 'Meat', 'Beef', 'Soup', 'Seafood', 'Banana', 'Chicken soup', 'Bread', 'Curry', 'Gravy', 'Cake']"
Asian cuisine,Maritime Southeast Asian cuisine,,Sarawakian_cuisine,2,"['Pork', 'Milk', 'Century egg', 'Pineapple', 'Wonton', 'Rice', 'Omelette', 'Roti Canai', 'Butter', 'Eggs', 'Boiled egg', 'Fried rice', 'Fish', 'Cracker', 'Meat', 'Cabbage', 'Beef', 'Poultry', 'Soup', 'Pudding', 'Seafood', 'Fruits', 'Flatbread', 'Mango', 'Bread', 'Congee', 'Curry', 'Gravy', 'Cake', 'Carrot', 'Orange']"
Asian cuisine,Maritime Southeast Asian cuisine,,Singaporean_cuisine,1,"['Duck', 'Pork', 'Fried egg', 'Milk', 'Sandwiches', 'Pineapple', 'Dumplings', 'Rice', 'Omelette', 'Cheese', 'Butter', 'Sausage', 'Eggs', 'Bacon', 'Boiled egg', 'Fried rice', 'Meatball', 'Fish', 'Meat', 'Cabbage', 'Ice cream', 'Corn', 'Spinach', 'Blueberry', 'Beef', 'Ham', 'Pancake', 'Durian', 'Biryani', 'Yogurt', 'Soup', 'Strawberry', 'Seafood', 'Banana', 'Pie', 'Fruits', 'Flatbread', 'Cereal', 'Carrot cake', 'Chicken soup', 'Mango', 'Bread', 'Chocolate', 'Vanilla', 'Stew', 'Jam', 'Spring roll', 'Curry', 'Gravy', 'Cake', 'Toast', 'Carrot']"
Asian cuisine,Maritime Southeast Asian cuisine,Indonesian cuisine,Acehnese_cuisine,1,"['Duck', 'Milk', 'Pineapple', 'Rice', 'Roti Canai', 'Fried rice', 'Fish', 'Grains', 'Meat', 'Beef', 'Pancake', 'Biryani', 'Poultry', 'Seafood', 'Banana', 'Flatbread', 'Bread', 'Stew', 'Curry', 'Cake']"
Asian cuisine,Maritime Southeast Asian cuisine,Indonesian cuisine,Balinese_cuisine,1,"['Duck', 'Pork', 'Milk', 'Sandwiches', 'Pineapple', 'Rice', 'Sausage', 'Meatball', 'Fish', 'Meat', 'Apple', 'Corn', 'Spinach', 'Beef', 'Pancake', 'Durian', 'Poultry', 'Soup', 'Seafood', 'Banana', 'Fruits', 'Ribs', 'Shaved ice', 'Mango', 'Stew', 'Curry', 'Cake', 'Orange']"
Asian cuisine,Maritime Southeast Asian cuisine,Indonesian cuisine,Banjar_cuisine,1,"['Duck', 'Milk', 'Rice', 'Eggs', 'Fish', 'Meat', 'Soup', 'Chicken soup', 'Cake']"
Asian cuisine,Maritime Southeast Asian cuisine,Indonesian cuisine,Batak_cuisine,1,"['Pork', 'Milk', 'Boiled egg', 'Fish', 'Meat', 'Corn', 'Beef', 'Soup', 'Curry']"
Asian cuisine,Maritime Southeast Asian cuisine,Indonesian cuisine,Indo_cuisine,1,"['Pork', 'Milk', 'Sandwiches', 'Croquette', 'Steak', 'Rice', 'Cheese', 'Butter', 'Eggs', 'Fried rice', 'Fish', 'Mashed potatoes', 'Meat', 'Cabbage', 'Corn', 'Beef', 'Ham', 'Pancake', 'Lumpia', 'Soup', 'Banana', 'Pie', 'Fruits', 'French fries', 'Waffle', 'Bread', 'Chocolate', 'Stew', 'Jam', 'Spring roll', 'Gravy', 'Cake', 'Toast', 'Carrot']"
Asian cuisine,Maritime Southeast Asian cuisine,Indonesian cuisine,Indonesian_Arab_cuisine,1,"['Milk', 'Sandwiches', 'Pineapple', 'Rice', 'Roti Canai', 'Butter', 'Eggs', 'Fried rice', 'Meatball', 'Fish', 'Pizza', 'Meat', 'Beef', 'Pancake', 'Poultry', 'Soup', 'Pudding', 'Seafood', 'Cookie', 'Flatbread', 'Bread', 'Stew', 'Curry']"
Asian cuisine,Maritime Southeast Asian cuisine,Indonesian cuisine,Indonesian_Chinese_cuisine,1,"['Duck', 'Pork', 'Milk', 'Century egg', 'Wonton', 'Dumplings', 'Rice', 'Omelette', 'Cheese', 'Sausage', 'Eggs', 'Sprinkles', 'Mooncake', 'Fried rice', 'Meatball', 'Fish', 'Meat', 'Cabbage', 'Beef', 'Pancake', 'Lumpia', 'Tea egg', 'Soup', 'Pudding', 'Seafood', 'Banana', 'Shaved ice', 'Bread', 'Watermelon', 'Congee', 'Chocolate', 'Spring roll', 'Curry', 'Gravy', 'Cake', 'Carrot', 'Cheddar cheese']"
Asian cuisine,Maritime Southeast Asian cuisine,Indonesian cuisine,Indonesian_Indian_cuisine,1,"['Milk', 'Dumplings', 'Rice', 'Cheese', 'Roti Canai', 'Fish', 'Meat', 'Corn', 'Beef', 'Pancake', 'Biryani', 'Poultry', 'Yogurt', 'Soup', 'Pudding', 'Cow milk', 'Seafood', 'Fruits', 'Flatbread', 'Chowder', 'Bread', 'Stew', 'Curry', 'Cake']"
Asian cuisine,Maritime Southeast Asian cuisine,Indonesian cuisine,Javanese_cuisine,1,"['Duck', 'Pork', 'Milk', 'Shrimp and prawn', 'Wonton', 'Dumplings', 'Steak', 'Rice', 'Omelette', 'Cheese', 'Roti Canai', 'Butter', 'Eggs', 'Boiled egg', 'Fried rice', 'Meatball', 'Fish', 'Soy milk', 'Cracker', 'Meat', 'Kebab', 'Cabbage', 'Corn', 'Spinach', 'Beef', 'Pancake', 'Lumpia', 'Soup', 'Seafood', 'Banana', 'Mayonnaise', 'French fries', 'Ribs', 'Chicken soup', 'Bread', 'Congee', 'Chocolate', 'Stew', 'Jam', 'Spring roll', 'Curry', 'Gravy', 'Cake', 'Toast', 'Carrot']"
Asian cuisine,Maritime Southeast Asian cuisine,Indonesian cuisine,Betawi_cuisine,2,"['Pork', 'Milk', 'Shrimp and prawn', 'Rice', 'Omelette', 'Eggs', 'Boiled egg', 'Fried rice', 'Fish', 'Cracker', 'Meat', 'Corn', 'Spinach', 'Beef', 'Pancake', 'Biryani', 'Lumpia', 'Soup', 'Seafood', 'Banana', 'Ribs', 'Waffle', 'Shaved ice', 'Bread', 'Congee', 'Stew', 'Cake']"
Asian cuisine,Maritime Southeast Asian cuisine,Indonesian cuisine,Madurese_cuisine,2,"['Duck', 'Milk', 'Rice', 'Fish', 'Meat', 'Beef', 'Soup', 'Cake']"
Asian cuisine,Maritime Southeast Asian cuisine,Indonesian cuisine,Sundanese_cuisine,2,"['Duck', 'Milk', 'Avocado', 'Rice', 'Fried rice', 'Fish', 'Grains', 'Meat', 'Ice cream', 'Spinach', 'Beef', 'Pancake', 'Durian', 'Soup', 'Seafood', 'Banana', 'Bread', 'Stew', 'Spring roll', 'Curry']"
Asian cuisine,Maritime Southeast Asian cuisine,Indonesian cuisine,Makassar_cuisine,1,"['Milk', 'Rice', 'Beef', 'Durian', 'Soup', 'Banana', 'Stew', 'Gravy', 'Cake']"
Asian cuisine,Maritime Southeast Asian cuisine,Indonesian cuisine,Malay_cuisine,1,"['Pork', 'Fried egg', 'Milk', 'Century egg', 'Wonton', 'Dumplings', 'Rice', 'Omelette', 'Cheese', 'Roti Canai', 'Butter', 'Eggs', 'Boiled egg', 'Fried rice', 'Fish', 'Cracker', 'Grains', 'Meat', 'Cabbage', 'Ice cream', 'Corn', 'Spinach', 'Beef', 'Pancake', 'Durian', 'Biryani', 'Poultry', 'Soup', 'Seafood', 'Banana', 'Pie', 'Fruits', 'Chocolate cake', 'Flatbread', 'Chicken soup', 'Shaved ice', 'Mango', 'Bread', 'Chocolate', 'Stew', 'Jam', 'Spaghetti', 'Curry', 'Gravy', 'Cake', 'Toast']"
Asian cuisine,Maritime Southeast Asian cuisine,Indonesian cuisine,Manado_cuisine,1,"['Pork', 'Rice', 'Fish', 'Meat', 'Corn', 'Spinach', 'Beef', 'Soup', 'Seafood', 'Banana', 'Congee']"
Asian cuisine,Maritime Southeast Asian cuisine,Indonesian cuisine,Palembang_cuisine,2,"['Duck', 'Milk', 'Pineapple', 'Avocado', 'Rice', 'Eggs', 'Boiled egg', 'Fish', 'Cracker', 'Meat', 'Beef', 'Durian', 'Soup', 'Seafood', 'Banana', 'Ribs', 'Shaved ice', 'Mango', 'Bread', 'Jam', 'Curry', 'Gravy', 'Cake']"
Asian cuisine,Maritime Southeast Asian cuisine,Indonesian cuisine,Peranakan_cuisine,2,"['Duck', 'Pork', 'Milk', 'Shrimp and prawn', 'Pineapple', 'Rice', 'Eggs', 'Fish', 'Meat', 'Cabbage', 'Corn', 'Beef', 'Lumpia', 'Soup', 'Banana', 'Pie', 'Chicken feet', 'Bread', 'Watermelon', 'Stew', 'Spring roll', 'Curry', 'Gravy', 'Cake', 'Carrot']"
Asian cuisine,West Asian cuisine,,Armenian_cuisine,1,"['Duck', 'Pork', 'Milk', 'Pear', 'Dumplings', 'Steak', 'Rice', 'Cabbage roll', 'Apricot', 'Omelette', 'Cheese', 'Butter', 'Sausage', 'Eggs', 'Meatball', 'Fish', 'Pizza', 'Grains', 'Meat', 'Kebab', 'Cabbage', 'Apple', 'Ice cream', 'Corn', 'Almond biscuit', 'Spinach', 'Blueberry', 'Cranberry', 'Beef', 'Dark chocolate', 'Pancake', 'Cherry', 'Charcuterie', 'Poultry', 'Yogurt', 'Soup', 'Raspberry', 'Pudding', 'Strawberry', 'Seafood', 'Mayonnaise', 'Fruits', 'French fries', 'Flatbread', 'Cereal', 'Bread', 'Watermelon', 'Pasta', 'Asparagus', 'Chocolate', 'Vanilla', 'Stew', 'Jam', 'Mozzarella', 'Blackberry', 'Gravy', 'Cake', 'Carrot', 'Orange']"
Asian cuisine,West Asian cuisine,,Eastern_Arabian_cuisine,1,"['Milk', 'Rice', 'Fish', 'Meat', 'Yogurt', 'Seafood', 'Fruits']"
Asian cuisine,West Asian cuisine,,Bahraini_cuisine,2,"['Milk', 'Sandwiches', 'Shrimp and prawn', 'Dumplings', 'Rice', 'Cheese', 'Butter', 'Eggs', 'Fish', 'Meat', 'Biryani', 'French fries', 'Bread', 'Stew']"
Asian cuisine,West Asian cuisine,,Emirati_cuisine,2,"['Pork', 'Milk', 'Rice', 'Cheese', 'Butter', 'Sausage', 'Eggs', 'Fish', 'Meat', 'Beef', 'Pancake', 'Biryani', 'Seafood', 'Flatbread', 'Bread', 'Pasta', 'Chocolate']"
Asian cuisine,West Asian cuisine,,Kuwaiti_cuisine,2,"['Milk', 'Shrimp and prawn', 'Dumplings', 'Rice', 'Omelette', 'Butter', 'Eggs', 'Fish', 'Meat', 'Beef', 'Biryani', 'Soup', 'Pudding', 'Seafood', 'Cookie', 'Flatbread', 'Bread', 'Stew', 'Cake']"
Asian cuisine,West Asian cuisine,,Omani_cuisine,2,"['Pork', 'Milk', 'Rice', 'Cheese', 'Fish', 'Meat', 'Kebab', 'Beef', 'Yogurt', 'Soup', 'Flatbread', 'Curry', 'Cake', 'Carrot']"
Asian cuisine,West Asian cuisine,,Qatari_cuisine,2,"['Milk', 'Rice', 'Omelette', 'Butter', 'Fish', 'Meat', 'Kebab', 'Biryani', 'Pudding', 'Seafood', 'Fruits', 'Flatbread', 'Bread', 'Orange']"
Asian cuisine,West Asian cuisine,,Saudi_Arabian_cuisine,2,"['Pork', 'Milk', 'Rice', 'Apricot', 'Cheese', 'Butter', 'Eggs', 'Fish', 'Grains', 'Meat', 'Beef', 'Yogurt', 'Banana', 'Flatbread', 'Bread', 'Jam', 'Carrot']"
Asian cuisine,West Asian cuisine,,Yemeni_cuisine,2,"['Pork', 'Milk', 'Rice', 'Cheese', 'Butter', 'Eggs', 'Fish', 'Grains', 'Meat', 'Kebab', 'Beef', 'Poultry', 'Yogurt', 'Soup', 'Banana', 'Fruits', 'Feta', 'Flatbread', 'Mango', 'Bread', 'Baguette', 'Stew', 'Cake']"
Asian cuisine,West Asian cuisine,,Kurdish_cuisine,1,"['Rice', 'Cheese', 'Eggs', 'Meat', 'Kebab', 'Apple', 'Spinach', 'Beef', 'Biryani', 'Yogurt', 'Soup', 'Pie', 'Mayonnaise', 'Bread', 'Stew']"
Asian cuisine,West Asian cuisine,,Levantine_cuisine,1,"['Milk', 'Sandwiches', 'Rice', 'Apricot', 'Cheese', 'Sausage', 'Eggs', 'Pizza', 'Grains', 'Meat', 'Kebab', 'Cabbage', 'Beef', 'Cherry', 'Yogurt', 'Soup', 'Pudding', 'Cookie', 'Fruits', 'Flatbread', 'Cereal', 'Bread', 'Stew', 'Cake']"
Asian cuisine,West Asian cuisine,,Iraqi_cuisine,2,"['Pork', 'Milk', 'Sandwiches', 'Dumplings', 'Rice', 'Apricot', 'Cheese', 'Butter', 'Sausage', 'Meatball', 'Fish', 'Pizza', 'Grains', 'Meat', 'Kebab', 'Cabbage', 'Apple', 'Spinach', 'Beef', 'Cherry', 'Biryani', 'Yogurt', 'Soup', 'Cookie', 'Fruits', 'Feta', 'Ribs', 'Flatbread', 'Mango', 'Bread', 'Goat milk', 'Stew', 'Curry', 'Cake', 'Orange']"
Asian cuisine,West Asian cuisine,,Israeli_cuisine,2,"['Pork', 'Milk', 'Pear', 'Sandwiches', 'Dumplings', 'Croquette', 'Avocado', 'Steak', 'Rice', 'Omelette', 'Persimmon', 'Cheese', 'Butter', 'Sausage', 'Eggs', 'Bacon', 'Donuts', 'Boiled egg', 'Fish', 'Pizza', 'Grains', 'Meat', 'Kebab', 'Cabbage', 'Apple', 'Ice cream', 'Corn', 'Spinach', 'Chopped liver', 'Beef', 'Pancake', 'Cherry', 'bagel', 'Poultry', 'Yogurt', 'Soup', 'Pudding', 'Strawberry', 'Banana', 'Almond milk', 'Mayonnaise', 'Cookie', 'Fruits', 'Parfait', 'Feta', 'French fries', 'Flatbread', 'Sushi', 'Chicken soup', 'Mango', 'Bread', 'Watermelon', 'Pasta', 'Baguette', 'Asparagus', 'Chocolate', 'Vanilla', 'Goat milk', 'Stew', 'Jam', 'Cake', 'Cheesecake', 'Carrot', 'Orange']"
Asian cuisine,West Asian cuisine,,Ancient_Israelite_cuisine,3,"['Duck', 'Pork', 'Milk', 'Rice', 'Apricot', 'Cheese', 'Butter', 'Eggs', 'Fish', 'Grains', 'Meat', 'Apple', 'Beef', 'Poultry', 'Yogurt', 'Soup', 'Seafood', 'Fruits', 'Flatbread', 'Bread', 'Watermelon', 'Goat milk', 'Stew', 'Cake']"
Asian cuisine,West Asian cuisine,,Jordanian_cuisine,2,"['Pork', 'Milk', 'Pear', 'Sandwiches', 'Rice', 'Cabbage roll', 'Apricot', 'Cheese', 'Butter', 'Meat', 'Kebab', 'Cabbage', 'Corn', 'Spinach', 'Beef', 'Poultry', 'Yogurt', 'Soup', 'Pudding', 'Seafood', 'Fruits', 'Feta', 'Flatbread', 'Cereal', 'Bread', 'Watermelon', 'Goat milk', 'Carrot']"
Asian cuisine,West Asian cuisine,,Lebanese_cuisine,2,"['Pork', 'Milk', 'Sandwiches', 'Dumplings', 'Steak', 'Rice', 'Apricot', 'Omelette', 'Cheese', 'Butter', 'Eggs', 'Meatball', 'Fish', 'Ravioli', 'Pizza', 'Grains', 'Meat', 'Kebab', 'Ice cream', 'Croissant', 'Spinach', 'Beef', 'Poultry', 'Yogurt', 'Pudding', 'Seafood', 'Pie', 'Fruits', 'Feta', 'French fries', 'Flatbread', 'Bread', 'Pasta', 'Stew', 'Jam', 'Cake', 'Orange']"
Asian cuisine,West Asian cuisine,,Mizrahi_Jewish_cuisine,2,"['Dumplings', 'Rice', 'Eggs', 'Fish', 'Grains', 'Meat', 'Cabbage', 'Beef', 'Pancake', 'bagel', 'Poultry', 'Soup', 'Pudding', 'Fruits', 'Flatbread', 'Mango', 'Bread', 'Stew', 'Orange']"
Asian cuisine,West Asian cuisine,,Palestinian_cuisine,2,"['Milk', 'Rice', 'Apricot', 'Omelette', 'Cheese', 'Butter', 'Eggs', 'Fish', 'Pizza', 'Meat', 'Kebab', 'Cabbage', 'Spinach', 'Beef', 'Yogurt', 'Soup', 'Pudding', 'Seafood', 'Fruits', 'Flatbread', 'Bread', 'Watermelon', 'Stew', 'Jam', 'Taco', 'Orange']"
Asian cuisine,West Asian cuisine,,Syrian_cuisine,2,"['Milk', 'Steak', 'Rice', 'Apricot', 'Cheese', 'Butter', 'Eggs', 'Meat', 'Kebab', 'Cabbage', 'Blue cheese', 'Ice cream', 'Corn', 'Beef', 'Cherry', 'Yogurt', 'Pudding', 'Cookie', 'Fruits', 'French fries', 'Flatbread', 'Bread', 'Baguette', 'Stew', 'Cake', 'Orange']"
Asian cuisine,West Asian cuisine,,Syrian_Jewish_cuisine,3,"['Rice', 'Cheese', 'Butter', 'Ravioli', 'Meat', 'Fruits']"
Asian cuisine,West Asian cuisine,,Assyrian_cuisine,1,"['Milk', 'Rice', 'Butter', 'Eggs', 'Fish', 'Grains', 'Meat', 'Kebab', 'Cabbage', 'Spinach', 'Beef', 'Biryani', 'Yogurt', 'Soup', 'Flatbread', 'Bread', 'Stew', 'Curry']"
Asian cuisine,West Asian cuisine,,Caucasian_cuisine,1,"['Duck', 'Pork', 'Milk', 'Pear', 'Dumplings', 'Rice', 'Cabbage roll', 'Apricot', 'Cheese', 'Butter', 'Sausage', 'Eggs', 'Meatball', 'Fish', 'Pizza', 'Meat', 'Kebab', 'Cabbage', 'Apple', 'Corn', 'Spinach', 'Beef', 'Pancake', 'Cherry', 'Poultry', 'Yogurt', 'Soup', 'Peach', 'Raspberry', 'Pudding', 'Seafood', 'Pie', 'Fruits', 'Flatbread', 'Cereal', 'Bread', 'Watermelon', 'Chocolate', 'Vanilla', 'Stew', 'Jam', 'Cake', 'Carrot']"
Asian cuisine,West Asian cuisine,,Azerbaijani_cuisine,2,"['Duck', 'Pork', 'Milk', 'Pear', 'Dumplings', 'Turnover', 'Rice', 'Apricot', 'Cheese', 'Butter', 'Eggs', 'Meatball', 'Fish', 'Meat', 'Kebab', 'Cabbage', 'Spinach', 'Beef', 'Pancake', 'Cherry', 'Poultry', 'Yogurt', 'Soup', 'Strawberry', 'Seafood', 'Fruits', 'Bread', 'Vanilla', 'Stew', 'Jam', 'Salmon']"
Asian cuisine,West Asian cuisine,,Chechen_cuisine,2,"['Milk', 'Dumplings', 'Cheese', 'Butter', 'Sausage', 'Cornbread', 'Meat', 'Kebab', 'Corn', 'Beef', 'Soup', 'Pie', 'Flatbread', 'Bread', 'Pasta']"
Asian cuisine,West Asian cuisine,,Circassian_cuisine,2,"['Duck', 'Milk', 'Dumplings', 'Rice', 'Omelette', 'Cheese', 'Sausage', 'Eggs', 'Fish', 'Cornbread', 'Meat', 'Corn', 'Beef', 'Pancake', 'Poultry', 'Soup', 'Pie', 'Cereal', 'Bread', 'Watermelon', 'Pasta', 'Stew']"
Asian cuisine,West Asian cuisine,,Dagestani_cuisine,2,"['Dumplings', 'Cheese', 'Meat', 'Pie', 'Fruits']"
Asian cuisine,West Asian cuisine,,Georgian_cuisine,2,"['Duck', 'Pork', 'Milk', 'Dumplings', 'Rice', 'Omelette', 'Cheese', 'Butter', 'Sausage', 'Eggs', 'Bacon', 'Boiled egg', 'Fish', 'Pizza', 'Cornbread', 'Grains', 'Mashed potatoes', 'Meat', 'Kebab', 'Cabbage', 'Corn', 'Spinach', 'Beef', 'Cherry', 'Poultry', 'Yogurt', 'Soup', 'Pudding', 'Cow milk', 'Pie', 'Cookie', 'Fruits', 'Bread', 'Lasagna', 'Watermelon', 'Asparagus', 'Stew', 'Jam', 'Blackberry', 'Toast', 'Orange']"
Asian cuisine,West Asian cuisine,,Ossetian_cuisine,2,"['Milk', 'Cheese', 'Boiled egg', 'Meat', 'Kebab', 'Beef', 'Pie', 'Feta']"
Asian cuisine,West Asian cuisine,,Iranian_cuisine,1,"['Milk', 'Dumplings', 'Rice', 'Apricot', 'Omelette', 'Cheese', 'Butter', 'Sausage', 'Eggs', 'Meatball', 'Fish', 'Pizza', 'Grains', 'Meat', 'Kebab', 'Cabbage', 'Apple', 'Ice cream', 'Spinach', 'Beef', 'Cherry', 'Poultry', 'Yogurt', 'Soup', 'Peach', 'Pudding', 'Seafood', 'Pie', 'Mayonnaise', 'Cookie', 'Fruits', 'French fries', 'Flatbread', 'Chicken soup', 'Bread', 'Baguette', 'Stew', 'Jam', 'Curry', 'Cake', 'Carrot', 'Orange']"
Asian cuisine,West Asian cuisine,,Balochi_cuisine,2,"['Rice', 'Fish', 'Meat', 'Biryani', 'Bread']"
Asian cuisine,West Asian cuisine,,Caspian_cuisine,2,"['Rice', 'Omelette', 'Butter', 'Eggs', 'Fish', 'Soup', 'Seafood', 'Bread', 'Stew', 'Orange']"
Asian cuisine,West Asian cuisine,,Sephardic_Jewish_cuisine,1,"['Milk', 'Rice', 'Cheese', 'Eggs', 'Boiled egg', 'Fish', 'Meat', 'Cabbage', 'Corn', 'Spinach', 'Beef', 'Pancake', 'Cherry', 'Soup', 'Pudding', 'Pie', 'Cookie', 'Fruits', 'Feta', 'Bread', 'Chocolate', 'Vanilla', 'Stew', 'Cake', 'Orange']"
Asian cuisine,West Asian cuisine,,Turkish_cuisine,1,"['Tomato soup', 'Pork', 'Milk', 'Pear', 'Sandwiches', 'Wonton', 'Dumplings', 'Steak', 'Rice', 'Apricot', 'Cheese', 'Butter', 'Sausage', 'Eggs', 'Parmesan', 'Acıbadem kurabiyesi', 'Meatball', 'Fish', 'Ravioli', 'Meat', 'Kebab', 'Cabbage', 'Apple', 'Ice cream', 'Corn', 'Spinach', 'Beef', 'Cherry', 'bagel', 'Poultry', 'Yogurt', 'Soup', 'Pudding', 'Strawberry', 'Cow milk', 'Seafood', 'Pie', 'Fruits', 'Feta', 'Ribs', 'Flatbread', 'Cereal', 'Chicken soup', 'Shaved ice', 'Bread', 'Pasta', 'Vanilla', 'Stew', 'Jam', 'Cake', 'Carrot', 'Cheddar cheese']"
Asian cuisine,West Asian cuisine,,Pontic_Greek_cuisine,2,"['Pork', 'Milk', 'Dumplings', 'Rice', 'Omelette', 'Cheese', 'Butter', 'Pierogi', 'Sausage', 'Eggs', 'Fish', 'Grains', 'Meat', 'Kebab', 'Cabbage', 'Corn', 'Beef', 'Poultry', 'Yogurt', 'Soup', 'Seafood', 'Pie', 'Fruits', 'French fries', 'Flatbread', 'Bread', 'Pasta', 'Jam', 'Cake', 'Toast']"
European cuisine,Central European cuisine,,Ashkenazi_Jewish_cuisine,1,"['Pork', 'Pear', 'Dumplings', 'Turnover', 'Cabbage roll', 'Apricot', 'Cheese', 'Butter', 'Pierogi', 'Eggs', 'Fish', 'Grains', 'Meat', 'Cabbage', 'Apple', 'Spinach', 'Chopped liver', 'Beef', 'bagel', 'Poultry', 'Soup', 'Cookie', 'Fruits', 'Chicken soup', 'Bread', 'Chocolate', 'Ramen', 'Salmon', 'Blackberry', 'Cake', 'Carrot']"
European cuisine,Central European cuisine,,Austrian_cuisine,1,"['Duck', 'Pork', 'Milk', 'Sandwiches', 'Dumplings', 'Apricot', 'Cheese', 'Butter', 'Sausage', 'Eggs', 'Bacon', 'Fish', 'Meat', 'Cabbage', 'Apple', 'Ice cream', 'Spinach', 'Beef', 'Ham', 'Pancake', 'Cherry', 'Soup', 'Raspberry', 'Fruits', 'Chocolate cake', 'Bread', 'Asparagus', 'Chocolate', 'Hot dog', 'Vanilla', 'Stew', 'Jam', 'Sauerkraut', 'Cake']"
European cuisine,Central European cuisine,,Viennese_cuisine,2,"['Milk', 'Dumplings', 'Apricot', 'Cheese', 'Butter', 'Bacon', 'Meat', 'Apple', 'Croissant', 'Beef', 'Pancake', 'Soup', 'Chocolate cake', 'Bread', 'Chocolate', 'Stew', 'Jam', 'Sauerkraut', 'Cake']"
European cuisine,Central European cuisine,,Czech_cuisine,1,"['Duck', 'Tomato soup', 'Pork', 'Fried egg', 'Milk', 'Pear', 'Sandwiches', 'Brie', 'Dumplings', 'Rice', 'Apricot', 'Omelette', 'Cheese', 'Butter', 'Sausage', 'Eggs', 'Bacon', 'Fish', 'Grains', 'Mashed potatoes', 'Meat', 'Cabbage', 'Apple', 'Blue cheese', 'Ice cream', 'Corn', 'Spinach', 'Cranberry', 'Beef', 'Ham', 'Pancake', 'Cherry', 'Poultry', 'Soup', 'Pudding', 'Banana', 'Mayonnaise', 'Fruits', 'French fries', 'Bread', 'Pasta', 'Hot dog', 'Vanilla', 'Stew', 'Jam', 'Spaghetti', 'Salmon', 'Sauerkraut', 'Gravy', 'Cake', 'Carrot']"
European cuisine,Central European cuisine,,Moravian_cuisine,2,"['Duck', 'Pork', 'Dumplings', 'Apricot', 'Butter', 'Meat', 'Cabbage', 'Apple', 'Poultry', 'Soup', 'Peach', 'Fruits', 'Watermelon', 'Jam', 'Sauerkraut']"
European cuisine,Central European cuisine,,Hungarian_cuisine,1,"['Duck', 'Pork', 'Fried egg', 'Milk', 'Pear', 'Sandwiches', 'Dumplings', 'Croquette', 'Steak', 'Rice', 'Cabbage roll', 'Apricot', 'Omelette', 'Cheese', 'Butter', 'Apple pie', 'Pierogi', 'Sausage', 'Eggs', 'Bacon', 'Boiled egg', 'Meatball', 'Fish', 'Mashed potatoes', 'Meat', 'Cabbage', 'Apple', 'Blue cheese', 'Ice cream', 'Corn', 'Croissant', 'Spinach', 'Beef', 'Ham', 'Dark chocolate', 'Pancake', 'Cherry', 'Poultry', 'Soup', 'Peach', 'Raspberry', 'Pudding', 'Strawberry', 'Pie', 'Mayonnaise', 'Cookie', 'Fruits', 'French fries', 'Chocolate cake', 'Ribs', 'Flatbread', 'Cereal', 'White chocolate', 'Chicken soup', 'Bread', 'Pasta', 'Baguette', 'Chocolate', 'Vanilla', 'Pretzel', 'Stew', 'Jam', 'Spaghetti', 'Salmon', 'Sauerkraut', 'Gravy', 'Cake', 'Toast', 'Carrot', 'Orange', 'Cheddar cheese']"
European cuisine,Central European cuisine,,Liechtensteiner_cuisine,1,"['Pork', 'Milk', 'Dumplings', 'Cheese', 'Sausage', 'Bacon', 'Meat', 'Cabbage', 'Beef', 'Ham', 'Yogurt', 'Soup', 'Bread', 'Pasta', 'Asparagus']"
European cuisine,Central European cuisine,,Polish_cuisine,1,"['Duck', 'Tomato soup', 'Pork', 'Burrito', 'Fried egg', 'Milk', 'Sandwiches', 'Pineapple', 'Dumplings', 'Croquette', 'Rice', 'Bialy', 'Cheese', 'Carbonara', 'Hamburgers', 'Butter', 'Apple pie', 'Pierogi', 'Sausage', 'Eggs', 'Bacon', 'Donuts', 'Boiled egg', 'Meatball', 'Fish', 'Pizza', 'Grains', 'Mashed potatoes', 'Meat', 'Kebab', 'Cabbage', 'Apple', 'Cream pie', 'Corn', 'Croissant', 'Cranberry', 'Beef', 'Ham', 'Pancake', 'Cherry', 'bagel', 'Poultry', 'Soup', ""McDonald's"", 'Pudding', 'Strawberry', 'Banana', 'Pie', 'Mayonnaise', 'Fruits', 'Chocolate cake', 'Ribs', 'Flatbread', 'Cereal', 'Carrot cake', 'Chicken soup', 'Bread', 'Pasta', 'Baguette', 'Chocolate', 'Vanilla', 'Stew', 'Jam', 'Spaghetti', 'Salmon', 'Sauerkraut', 'Gravy', 'Cake', 'Cheesecake', 'Carrot', 'Orange']"
European cuisine,Central European cuisine,,Silesian_cuisine,2,"['Pork', 'Dumplings', 'Cheese', 'Sausage', 'Eggs', 'Bacon', 'Fish', 'Meat', 'Cabbage', 'Beef', 'Ham', 'Soup', 'Pudding', 'Strawberry', 'Mayonnaise', 'Bread', 'Chocolate', 'Gravy', 'Cake']"
European cuisine,Central European cuisine,,Slovak_cuisine,1,"['Duck', 'Pork', 'Milk', 'Pineapple', 'Dumplings', 'Steak', 'Rice', 'Cheese', 'Butter', 'Pierogi', 'Sausage', 'Eggs', 'Bacon', 'Mashed potatoes', 'Meat', 'Cabbage', 'Beef', 'Ham', 'Dark chocolate', 'Cherry', 'Poultry', 'Soup', 'Peach', 'Pudding', 'Cookie', 'Chicken soup', 'Bread', 'Chocolate', 'Stew', 'Jam', 'Sauerkraut', 'Cake']"
European cuisine,Central European cuisine,,Slovenian_cuisine,1,"['Duck', 'Pork', 'Milk', 'Steak', 'Cheese', 'Minestrone', 'Sausage', 'Eggs', 'Bacon', 'Grains', 'Meat', 'Cabbage', 'Apple', 'Beef', 'Ham', 'Cherry', 'Poultry', 'Soup', 'Pudding', 'Cow milk', 'Fruits', 'Asparagus', 'Stew', 'Sauerkraut']"
European cuisine,Central European cuisine,,Swiss_cuisine,1,"['Pork', 'Milk', 'Pear', 'Pineapple', 'Gruyère cheese', 'Rice', 'Cheese', 'Butter', 'Sausage', 'Eggs', 'Bacon', 'Fish', 'Grains', 'Milk chocolate', 'Meat', 'Cabbage', 'Apple', 'Corn', 'Beef', 'Ham', 'Poultry', 'Soup', 'Banana', 'Pie', 'Fruits', 'Cereal', 'Carrot cake', 'Bread', 'Lebkuchen', 'Pasta', 'Chocolate', 'Stew', 'Jam', 'Sauerkraut', 'Curry', 'Gravy', 'Cake', 'Toast', 'Carrot', 'Orange']"
European cuisine,Central European cuisine,German cuisine,Austrian_cuisine,1,"['Duck', 'Pork', 'Milk', 'Sandwiches', 'Dumplings', 'Apricot', 'Cheese', 'Butter', 'Sausage', 'Eggs', 'Bacon', 'Fish', 'Meat', 'Cabbage', 'Apple', 'Ice cream', 'Spinach', 'Beef', 'Ham', 'Pancake', 'Cherry', 'Soup', 'Raspberry', 'Fruits', 'Chocolate cake', 'Bread', 'Asparagus', 'Chocolate', 'Hot dog', 'Vanilla', 'Stew', 'Jam', 'Sauerkraut', 'Cake']"
European cuisine,Central European cuisine,German cuisine,Viennese_cuisine,2,"['Milk', 'Dumplings', 'Apricot', 'Cheese', 'Butter', 'Bacon', 'Meat', 'Apple', 'Croissant', 'Beef', 'Pancake', 'Soup', 'Chocolate cake', 'Bread', 'Chocolate', 'Stew', 'Jam', 'Sauerkraut', 'Cake']"
European cuisine,Central European cuisine,German cuisine,Baden_cuisine,1,"['Cheese', 'Apple pie', 'Sausage', 'Fish', 'Meat', 'Apple', 'Pancake', 'Cherry', 'Poultry', 'Soup', 'Pie', 'Mayonnaise', 'Pasta', 'Asparagus', 'Pretzel', 'Sauerkraut', 'Cake']"
European cuisine,Central European cuisine,German cuisine,Bavarian_cuisine,1,"['Pork', 'Milk', 'Dumplings', 'Steak', 'Cheese', 'Sausage', 'Bacon', 'Meat', 'Cabbage', 'Blue cheese', 'Beef', 'Ham', 'Pancake', 'Soup', 'Pudding', 'Bread', 'Lebkuchen', 'Asparagus', 'Vanilla', 'Pretzel', 'Stew', 'Sauerkraut', 'Toast']"
European cuisine,Central European cuisine,German cuisine,Brandenburg_cuisine,1,"['Fish', 'Cabbage', 'Pancake', 'Cherry', 'Fruits', 'Asparagus', 'Sauerkraut']"
European cuisine,Central European cuisine,German cuisine,Franconian_cuisine,1,"['Pork', 'Milk', 'Dumplings', 'Steak', 'Cheese', 'Butter', 'Sausage', 'Bacon', 'Fish', 'Meat', 'Cabbage', 'Blueberry', 'Beef', 'Ham', 'Pancake', 'Soup', 'Pudding', 'Pie', 'Bread', 'Lebkuchen', 'Asparagus', 'Pretzel', 'Stew', 'Sauerkraut', 'Cake', 'Carrot']"
European cuisine,Central European cuisine,German cuisine,Cuisine_of_Hamburg,1,"['Duck', 'Pork', 'Milk', 'Sandwiches', 'Cabbage roll', 'Butter', 'Apple pie', 'Bacon', 'Fish', 'Pizza', 'Kebab', 'Cabbage', 'Apple', 'Ice cream', 'Beef', 'Cherry', 'Currywurst', 'Poultry', 'Soup', 'Pudding', 'Pie', 'Bread', 'Vanilla', 'Stew', 'Jam', 'Salmon', 'Cake']"
European cuisine,Central European cuisine,German cuisine,Hessian_cuisine,1,"['Milk', 'Dumplings', 'Cheese', 'Sausage', 'Eggs', 'Bacon', 'Meat', 'Apple', 'Sauerkraut', 'Cake']"
European cuisine,Central European cuisine,German cuisine,Liechtensteiner_cuisine,1,"['Pork', 'Milk', 'Dumplings', 'Cheese', 'Sausage', 'Bacon', 'Meat', 'Cabbage', 'Beef', 'Ham', 'Yogurt', 'Soup', 'Bread', 'Pasta', 'Asparagus']"
European cuisine,Central European cuisine,German cuisine,Lower_Saxon_cuisine,1,"['Sandwiches', 'Cheese', 'Butter', 'Sausage', 'Fish', 'Meat', 'Poultry', 'Soup', 'Pudding', 'Asparagus', 'Stew', 'Sauerkraut']"
European cuisine,Central European cuisine,German cuisine,Mecklenburg_cuisine,1,"['Pork', 'Bacon', 'Fish', 'Cabbage', 'Ice cream', 'Beef', 'Soup', 'Pudding', 'Ribs', 'Bread', 'Jam', 'Toast']"
European cuisine,Central European cuisine,German cuisine,Palatine_cuisine,1,"['Duck', 'Pork', 'Kiwifruit', 'Pear', 'Sausage', 'Bacon', 'Meatball', 'Fish', 'Mashed potatoes', 'Meat', 'Apple', 'Soup', 'Bread', 'Asparagus', 'Vanilla', 'Pretzel', 'Salmon', 'Sauerkraut', 'Cake']"
European cuisine,Central European cuisine,German cuisine,Pomeranian_cuisine,1,"['Duck', 'Pork', 'Dumplings', 'Bacon', 'Fish', 'Meat', 'Beef', 'Poultry', 'Soup', 'Pudding', 'Ribs', 'Bread', 'Vanilla', 'Jam', 'Cake']"
European cuisine,Central European cuisine,German cuisine,Rhenish-Hessian_cuisine,1,"['Pork', 'Cheese', 'Bacon', 'Soup', 'Bread', 'Asparagus', 'Stew']"
European cuisine,Central European cuisine,German cuisine,Saxon_cuisine,1,"['Rice', 'Fish', 'Pancake', 'Soup', 'Bread', 'Pasta', 'Cake']"
European cuisine,Central European cuisine,German cuisine,Schleswig-Holstein_cuisine,1,"['Pork', 'Milk', 'Pear', 'Dumplings', 'Butter', 'Sausage', 'Bacon', 'Fish', 'Meat', 'Ice cream', 'Beef', 'Poultry', 'Soup', 'Pudding', 'Seafood', 'Bread', 'Vanilla', 'Stew']"
European cuisine,Central European cuisine,German cuisine,Silesian_cuisine,1,"['Pork', 'Dumplings', 'Cheese', 'Sausage', 'Eggs', 'Bacon', 'Fish', 'Meat', 'Cabbage', 'Beef', 'Ham', 'Soup', 'Pudding', 'Strawberry', 'Mayonnaise', 'Bread', 'Chocolate', 'Gravy', 'Cake']"
European cuisine,Central European cuisine,German cuisine,Swabian_cuisine,1,"['Milk', 'Dumplings', 'Gruyère cheese', 'Cheese', 'Butter', 'Sausage', 'Bacon', 'Fish', 'Meat', 'Cabbage', 'Apple', 'Spinach', 'Beef', 'Pancake', 'Soup', 'Pudding', 'Mayonnaise', 'Flatbread', 'Bread', 'Pasta', 'Baguette', 'Asparagus', 'Vanilla', 'Pretzel', 'Stew', 'Salmon', 'Sauerkraut', 'Cake']"
European cuisine,Central European cuisine,German cuisine,Swiss_cuisine,1,"['Pork', 'Milk', 'Pear', 'Pineapple', 'Gruyère cheese', 'Rice', 'Cheese', 'Butter', 'Sausage', 'Eggs', 'Bacon', 'Fish', 'Grains', 'Milk chocolate', 'Meat', 'Cabbage', 'Apple', 'Corn', 'Beef', 'Ham', 'Poultry', 'Soup', 'Banana', 'Pie', 'Fruits', 'Cereal', 'Carrot cake', 'Bread', 'Lebkuchen', 'Pasta', 'Chocolate', 'Stew', 'Jam', 'Sauerkraut', 'Curry', 'Gravy', 'Cake', 'Toast', 'Carrot', 'Orange']"
European cuisine,Eastern European cuisine,,Belarusian_cuisine,1,"['Pork', 'Milk', 'Dumplings', 'Rice', 'Cheese', 'Butter', 'Sausage', 'Eggs', 'Boiled egg', 'Fish', 'Ravioli', 'Grains', 'Mashed potatoes', 'Meat', 'Cabbage', 'Apple', 'Corn', 'Cranberry', 'Beef', 'Ham', 'Pancake', 'Soup', 'Seafood', 'Mayonnaise', 'Fruits', 'Cereal', 'Bread', 'Lasagna', 'Pasta', 'Sauerkraut', 'Gravy', 'Cake', 'Carrot']"
European cuisine,Eastern European cuisine,,Cossack_cuisine,1,"['Pork', 'Dumplings', 'Cabbage roll', 'Butter', 'Eggs', 'Fish', 'Grains', 'Meat', 'Kebab', 'Cabbage', 'Beef', 'Ham', 'Poultry', 'Soup', 'Seafood', 'Pie', 'Bread', 'Watermelon', 'Salmon']"
European cuisine,Eastern European cuisine,,Russian_cuisine,1,"['Pork', 'Milk', 'Pear', 'Dumplings', 'Steak', 'Rice', 'Cheese', 'Butter', 'Pierogi', 'Sausage', 'Eggs', 'Fish', 'Ravioli', 'Grains', 'Mashed potatoes', 'Meat', 'Kebab', 'Cabbage', 'Apple', 'Ice cream', 'Cranberry', 'Beef', 'Ham', 'Pancake', 'Cherry', 'Poultry', 'Yogurt', 'Soup', 'Raspberry', 'Pudding', 'Pie', 'Mayonnaise', 'Fruits', 'Cereal', 'Bread', 'Chocolate', 'Stew', 'Jam', 'Salmon', 'Sauerkraut', 'Gravy', 'Cake', 'Orange']"
European cuisine,Eastern European cuisine,,Bashkir_cuisine,2,"['Pork', 'Milk', 'Dumplings', 'Cheese', 'Sausage', 'Fish', 'Meat', 'Cherry', 'Poultry', 'Soup', 'Bread', 'Jam', 'Cheesecake']"
European cuisine,Eastern European cuisine,,Chechen_cuisine,2,"['Milk', 'Dumplings', 'Cheese', 'Butter', 'Sausage', 'Cornbread', 'Meat', 'Kebab', 'Corn', 'Beef', 'Soup', 'Pie', 'Flatbread', 'Bread', 'Pasta']"
European cuisine,Eastern European cuisine,,Circassian_cuisine,2,"['Duck', 'Milk', 'Dumplings', 'Rice', 'Omelette', 'Cheese', 'Sausage', 'Eggs', 'Fish', 'Cornbread', 'Meat', 'Corn', 'Beef', 'Pancake', 'Poultry', 'Soup', 'Pie', 'Cereal', 'Bread', 'Watermelon', 'Pasta', 'Stew']"
European cuisine,Eastern European cuisine,,Komi_cuisine,2,"['Fish', 'Meat', 'Poultry', 'Pie']"
European cuisine,Eastern European cuisine,,Mordovian_cuisine,2,"['Pork', 'Milk', 'Eggs', 'Fish', 'Grains', 'Meat', 'Cabbage', 'Beef', 'Poultry', 'Soup', 'Cereal', 'Carrot']"
European cuisine,Eastern European cuisine,,Tatar_cuisine,2,"['Duck', 'Kiwifruit', 'Milk', 'Dumplings', 'Rice', 'Cheese', 'Butter', 'Eggs', 'Fish', 'Grains', 'Mashed potatoes', 'Meat', 'Cabbage', 'Apple', 'Chopped liver', 'Beef', 'Pancake', 'Cherry', 'Poultry', 'Soup', 'Raspberry', 'Banana', 'Pie', 'Fruits', 'Flatbread', 'Cereal', 'Mango', 'Bread', 'Pasta', 'Jam', 'Carrot']"
European cuisine,Eastern European cuisine,,Udmurt_cuisine,2,"['Milk', 'Dumplings', 'Cheese', 'Butter', 'Grains', 'Meat', 'Cabbage', 'Soup', 'Pie', 'Bread']"
European cuisine,Eastern European cuisine,,Ukrainian_cuisine,1,"['Duck', 'Tomato soup', 'Pork', 'Milk', 'Dumplings', 'Rice', 'Cabbage roll', 'Apricot', 'Cheese', 'Butter', 'Pierogi', 'Sausage', 'Eggs', 'Bacon', 'Boiled egg', 'Meatball', 'Fish', 'Grains', 'Mashed potatoes', 'Meat', 'Cabbage', 'Apple', 'Ice cream', 'Corn', 'Beef', 'Ham', 'Pancake', 'bagel', 'Poultry', 'Yogurt', 'Soup', 'Raspberry', 'Pudding', 'Seafood', 'Pie', 'Mayonnaise', 'Fruits', 'Cereal', 'Bread', 'Watermelon', 'Chocolate', 'Stew', 'Jam', 'Salmon', 'Sauerkraut', 'Cake', 'Carrot']"
European cuisine,Eastern European cuisine,,Crimean_Tatar_cuisine,2,"['Dumplings', 'Turnover', 'Rice', 'Cheese', 'Eggs', 'Fish', 'Meat', 'Beef', 'Soup', 'Pie', 'Bread']"
European cuisine,Eastern European cuisine,,Cuisine_of_Odesa,2,"['Pork', 'Milk', 'Sandwiches', 'Dumplings', 'Cabbage roll', 'Cheese', 'Pierogi', 'Fish', 'Mashed potatoes', 'Meat', 'Cabbage', 'Beef', 'Cherry', 'Soup', 'Seafood', 'Fruits', 'Bread', 'Stew', 'Cake']"
European cuisine,Northern European cuisine,,Estonian_cuisine,2,"['Pork', 'Milk', 'Rice', 'Cabbage roll', 'Cheese', 'Butter', 'Sausage', 'Eggs', 'Boiled egg', 'Fish', 'Pizza', 'Mashed potatoes', 'Meat', 'Cabbage', 'Apple', 'Ice cream', 'Corn', 'Blueberry', 'Pancake', 'Yogurt', 'Soup', 'Mayonnaise', 'Fruits', 'French fries', 'Cereal', 'Bread', 'Pasta', 'Jam', 'Salmon', 'Sauerkraut', 'Carrot', 'Orange']"
European cuisine,Northern European cuisine,,Latvian_cuisine,2,"['Pork', 'Milk', 'Sandwiches', 'Omelette', 'Cheese', 'Butter', 'Pierogi', 'Eggs', 'Bacon', 'Fish', 'Mashed potatoes', 'Meat', 'Cabbage', 'Beef', 'Pancake', 'Soup', 'Raspberry', 'Pie', 'Mayonnaise', 'Fruits', 'Bread', 'Pretzel', 'Salmon', 'Sauerkraut']"
European cuisine,Northern European cuisine,,Lithuanian_cuisine,2,"['Duck', 'Pork', 'Milk', 'Pear', 'Sandwiches', 'Dumplings', 'Rice', 'Apricot', 'Cheese', 'Butter', 'Pierogi', 'Sausage', 'Eggs', 'Bacon', 'Fish', 'Meat', 'Cabbage', 'Apple', 'Ice cream', 'Croissant', 'Spinach', 'Blueberry', 'Cranberry', 'Beef', 'Ham', 'Pancake', 'Cherry', 'Charcuterie', 'Yogurt', 'Soup', 'Pudding', 'Strawberry', 'Fruits', 'Cereal', 'Bread', 'Asparagus', 'Chocolate', 'Vanilla', 'Stew', 'Jam', 'Salmon', 'Sauerkraut', 'Gravy', 'Cake', 'Toast', 'Carrot']"
European cuisine,Northern European cuisine,,Livonian_cuisine,2,"['Fish', 'Orange']"
European cuisine,Northern European cuisine,,Danish_cuisine,2,"['Duck', 'Pork', 'Milk', 'Pear', 'Sandwiches', 'Shrimp and prawn', 'Pineapple', 'Dumplings', 'Steak', 'Rice', 'Apricot', 'Omelette', 'Cheese', 'Butter', 'Apple pie', 'Sausage', 'Eggs', 'Sprinkles', 'Bacon', 'Boiled egg', 'Fish', 'Pizza', 'Grains', 'Mashed potatoes', 'Meat', 'Kebab', 'Cabbage', 'Apple', 'Blue cheese', 'Ice cream', 'Corn', 'Croissant', 'Spinach', 'Chopped liver', 'Beef', 'Ham', 'Dark chocolate', 'Pancake', 'Cherry', 'Poultry', 'Soup', 'Poached egg', ""McDonald's"", 'Raspberry', 'Pudding', 'Strawberry', 'Seafood', 'Banana', 'Onion rings', 'Pie', 'Mayonnaise', 'Cookie', 'Fruits', 'Feta', 'French fries', 'Ribs', 'Flatbread', 'Scrambled egg', 'Chicken soup', 'Bread', 'Pasta', 'Baguette', 'Asparagus', 'Chocolate', 'Hot dog', 'Vanilla', 'Pretzel', 'Stew', 'Jam', 'Salmon', 'Curry', 'Gravy', 'Cake', 'Toast', 'Carrot', 'Orange']"
European cuisine,Northern European cuisine,,Faroese_cuisine,3,"['Pork', 'Milk', 'Shrimp and prawn', 'Cheese', 'Sausage', 'Eggs', 'Fish', 'Meat', 'Seafood', 'Chocolate']"
European cuisine,Northern European cuisine,,New_Nordic_cuisine,3,"['Bacon', 'Meat', 'Poached egg', 'Strawberry', 'Seafood', 'Asparagus', 'Toast']"
European cuisine,Northern European cuisine,,Finnish_cuisine,2,"['Duck', 'Pork', 'Milk', 'Rice', 'Cheese', 'Hamburgers', 'Butter', 'Sausage', 'Eggs', 'Boiled egg', 'Meatball', 'Fish', 'Pizza', 'Grains', 'Milk chocolate', 'Mashed potatoes', 'Breakfast cereal', 'Meat', 'Kebab', 'Cabbage', 'Ice cream', 'Corn', 'Blueberry', 'Cranberry', 'Beef', 'Ham', 'Pancake', 'Yogurt', 'Soup', 'Raspberry', 'Pudding', 'Strawberry', 'Pie', 'Flatbread', 'Waffle', 'Blueberry pie', 'Cereal', 'Bread', 'Pasta', 'Chocolate', 'Stew', 'Jam', 'Salmon', 'Gravy', 'Cake', 'Toast']"
European cuisine,Northern European cuisine,,Icelandic_cuisine,2,"['Pork', 'Milk', 'Shark meat', 'Rice', 'Cheese', 'Butter', 'Sausage', 'Eggs', 'Fish', 'Grains', 'Meat', 'Cabbage', 'Blue cheese', 'Corn', 'Blueberry', 'Beef', 'Ham', 'Poultry', 'Yogurt', 'Pudding', 'Cow milk', 'Seafood', 'Mayonnaise', 'Cookie', 'Fruits', 'Chocolate cake', 'Flatbread', 'Cereal', 'Bread', 'Chocolate', 'Stew', 'Jam', 'Salmon', 'Cake']"
European cuisine,Northern European cuisine,,Norwegian_cuisine,2,"['Duck', 'Pork', 'Milk', 'Pear', 'Sandwiches', 'Pineapple', 'Rice', 'Cheese', 'Butter', 'Apple pie', 'Sausage', 'Eggs', 'Bacon', 'Fish', 'Pizza', 'Mashed potatoes', 'Meat', 'Cabbage', 'Apple', 'Beef', 'Ham', 'Yogurt', 'Soup', 'Strawberry', 'Cow milk', 'Seafood', 'Pie', 'Mayonnaise', 'Fruits', 'Ribs', 'Flatbread', 'Waffle', 'Cereal', 'Bread', 'Pasta', 'Goat milk', 'Stew', 'Jam', 'Salmon', 'Sauerkraut', 'Gravy', 'Cake']"
European cuisine,Northern European cuisine,,Sami_cuisine,2,"['Milk', 'Fish', 'Meat', 'Fruits', 'Flatbread', 'Bread', 'Salmon']"
European cuisine,Northern European cuisine,,Swedish_cuisine,2,"['Pork', 'Fried egg', 'Milk', 'Dumplings', 'Rice', 'Cabbage roll', 'Apricot', 'Cheese', 'Butter', 'Apple pie', 'Sausage', 'Eggs', 'Bacon', 'Meatball', 'Fish', 'Mashed potatoes', 'Breakfast cereal', 'Meat', 'Cabbage', 'Apple', 'Ice cream', 'Blueberry', 'Beef', 'Ham', 'Pancake', 'Ginger snap', 'Yogurt', 'Soup', 'Raspberry', 'Pudding', 'Seafood', 'Pie', 'Mayonnaise', 'Cookie', 'Fruits', 'Waffle', 'Blueberry pie', 'Cereal', 'Bread', 'Pasta', 'Chocolate', 'Hot dog', 'Pretzel', 'Stew', 'Jam', 'Salmon', 'Sauerkraut', 'Blackberry', 'Cake', 'Cheesecake', 'Orange']"
European cuisine,South Eastern European cuisine,,Balkan_cuisine,1,"['Pork', 'Cheese', 'Meat', 'Seafood', 'Feta', 'Bread', 'Chocolate', 'Cake']"
European cuisine,South Eastern European cuisine,,Cuisine_of_Albania,2,"['Pork', 'Milk', 'Sandwiches', 'Avocado', 'Rice', 'Omelette', 'Persimmon', 'Cheese', 'Butter', 'Sausage', 'Eggs', 'Fish', 'Cornbread', 'Grains', 'Meat', 'Cabbage', 'Apple', 'Ice cream', 'Corn', 'Spinach', 'Beef', 'Ham', 'Cherry', 'Yogurt', 'Soup', 'Peach', 'Raspberry', 'Pudding', 'Seafood', 'Pie', 'Cookie', 'Fruits', 'Feta', 'Bread', 'Watermelon', 'Congee', 'Chocolate', 'Vanilla', 'Stew', 'Jam', 'Pumpkin pie', 'Sauerkraut', 'Blackberry', 'Cake', 'Carrot', 'Orange']"
European cuisine,South Eastern European cuisine,,Kosovan_cuisine,3,"['Milk', 'Sandwiches', 'Rice', 'Cheese', 'Sausage', 'Eggs', 'Fish', 'Cornbread', 'Meat', 'Kebab', 'Cabbage', 'Croissant', 'Spinach', 'Beef', 'Yogurt', 'Soup', 'Pudding', 'Pie', 'Processed cheese', 'Bread', 'Vanilla', 'Sauerkraut', 'Cake', 'Toast']"
European cuisine,South Eastern European cuisine,,Aromanian_cuisine,2,"['Pork', 'Cheese', 'Sausage', 'Meat', 'Poultry', 'Soup', 'Pie']"
European cuisine,South Eastern European cuisine,,Bosnian_cuisine,2,"['Pork', 'Milk', 'Rice', 'Cheese', 'Butter', 'Sausage', 'Meatball', 'Meat', 'Cabbage', 'Apple', 'Cream pie', 'Corn', 'Spinach', 'Beef', 'Charcuterie', 'Soup', 'Pudding', 'Pie', 'Fruits', 'Bread', 'Pasta', 'Stew', 'Carrot']"
European cuisine,South Eastern European cuisine,,Bulgarian_cuisine,2,"['Pork', 'Milk', 'Steak', 'Rice', 'Cheese', 'Butter', 'Sausage', 'Eggs', 'Donuts', 'Meatball', 'Fish', 'Pizza', 'Meat', 'Kebab', 'Cabbage', 'Spinach', 'Chopped liver', 'Beef', 'Ham', 'Pancake', 'Poultry', 'Yogurt', 'Soup', 'Peach', 'Mayonnaise', 'Fruits', 'Feta', 'Sushi', 'Chicken soup', 'Bread', 'Chocolate', 'Stew', 'Jam', 'Sauerkraut', 'Cake', 'Toast']"
European cuisine,South Eastern European cuisine,,Croatian_cuisine,2,"['Duck', 'Pork', 'Milk', 'Dumplings', 'Rice', 'Cheese', 'Butter', 'Sausage', 'Eggs', 'Bacon', 'Fish', 'Ravioli', 'Meat', 'Cabbage', 'Apple', 'Corn', 'Beef', 'Ham', 'Charcuterie', 'Poultry', 'Soup', 'Seafood', 'Pie', 'Cookie', 'Fruits', 'Flatbread', 'Chicken soup', 'Bread', 'Pasta', 'Asparagus', 'Chocolate', 'Vanilla', 'Stew', 'Jam', 'Sauerkraut', 'Cake', 'Orange']"
European cuisine,South Eastern European cuisine,,Gagauz_cuisine,2,"['Milk', 'Cheese', 'Grains', 'Meat', 'Pie', 'Bread']"
European cuisine,South Eastern European cuisine,,Macedonian_cuisine,2,"['Pork', 'Milk', 'Rice', 'Cheese', 'Meat', 'Cabbage', 'Beef', 'Soup', 'Fruits', 'Bread', 'Pasta', 'Stew']"
European cuisine,South Eastern European cuisine,,Montenegrin_cuisine,2,"['Pork', 'Milk', 'Shrimp and prawn', 'Rice', 'Cheese', 'Butter', 'Meatball', 'Meat', 'Kebab', 'Cabbage', 'Apple', 'Corn', 'Beef', 'Ham', 'Cherry', 'Yogurt', 'Soup', 'Pudding', 'Seafood', 'Pie', 'Ribs', 'Chowder', 'Bread', 'Pasta', 'Vanilla', 'Stew', 'Jam', 'Sauerkraut']"
European cuisine,South Eastern European cuisine,,Serbian_cuisine,2,"['Tomato soup', 'Pork', 'Milk', 'Dumplings', 'Steak', 'Turnover', 'Rice', 'Cheese', 'Butter', 'Sausage', 'Eggs', 'Bacon', 'Fish', 'Cornbread', 'Grains', 'Meat', 'Cabbage', 'Corn', 'Spinach', 'Beef', 'Ham', 'Cherry', 'Poultry', 'Yogurt', 'Soup', 'Pie', 'Mayonnaise', 'Cookie', 'Fruits', 'Cherry pie', 'Feta', 'Chocolate cake', 'Ribs', 'Bread', 'Pasta', 'Chocolate', 'Vanilla', 'Pretzel', 'Stew', 'Jam', 'Pumpkin pie', 'Taco', 'Sauerkraut', 'Birthday cake', 'Cake', 'Carrot']"
European cuisine,South Eastern European cuisine,,Romani_cuisine,1,"['Pork', 'Milk', 'Pineapple', 'Dumplings', 'Rice', 'Omelette', 'Cheese', 'Butter', 'Eggs', 'Bacon', 'Fish', 'Cornbread', 'Mashed potatoes', 'Meat', 'Cabbage', 'Apple', 'Corn', 'Beef', 'Ham', 'Soup', 'Peach', 'Pudding', 'Pie', 'Fruits', 'Flatbread', 'Bread', 'Stew', 'Jam', 'Salmon', 'Sauerkraut', 'Curry', 'Cake']"
European cuisine,South Eastern European cuisine,,Romanian_cuisine,1,"['Duck', 'Pork', 'Milk', 'Pear', 'Dumplings', 'Rice', 'Cabbage roll', 'Cheese', 'Butter', 'Sausage', 'Eggs', 'Meatball', 'Fish', 'Grains', 'Mashed potatoes', 'Meat', 'Kebab', 'Cabbage', 'Apple', 'Corn', 'Blueberry', 'Beef', 'Ham', 'Cherry', 'Poultry', 'Yogurt', 'Soup', 'Peach', 'Raspberry', 'Pudding', 'Strawberry', 'Pie', 'Mayonnaise', 'Cookie', 'Fruits', 'Feta', 'Ribs', 'Processed cheese', 'Chicken soup', 'Bread', 'Watermelon', 'Chocolate', 'Vanilla', 'Pretzel', 'Stew', 'Jam', 'Sauerkraut', 'Cake', 'Carrot']"
European cuisine,South Eastern European cuisine,,Moldovan_cuisine,2,"['Pork', 'Milk', 'Dumplings', 'Rice', 'Cabbage roll', 'Cheese', 'Pierogi', 'Meatball', 'Fish', 'Grains', 'Meat', 'Cabbage', 'Corn', 'Beef', 'Soup', 'Fruits', 'Cereal', 'Chicken soup', 'Stew', 'Sauerkraut', 'Cake']"
European cuisine,South Eastern European cuisine,,Transylvanian_Saxon_cuisine,2,"['Cheese', 'Apple pie', 'Meat', 'Apple', 'Soup', 'Pie', 'Lebkuchen', 'Vanilla', 'Cake']"
European cuisine,Southern European cuisine,,Gibraltarian_cuisine,1,"['Pork', 'Cheese', 'Butter', 'Eggs', 'Sprinkles', 'Bacon', 'Meat', 'Spinach', 'Beef', 'Pancake', 'Pie', 'Bolognese sauce', 'Bread', 'Pasta', 'Cake']"
European cuisine,Southern European cuisine,,Greek_cuisine,1,"['Tomato soup', 'Pork', 'Fried egg', 'Milk', 'Pear', 'Croquette', 'Steak', 'Rice', 'Omelette', 'Cheese', 'Butter', 'Apple pie', 'Sausage', 'Eggs', 'Boiled egg', 'Fish', 'Grains', 'Mashed potatoes', 'Meat', 'Kebab', 'Cabbage', 'Apple', 'Corn', 'Croissant', 'Spinach', 'Beef', 'Pancake', 'Cherry', 'Poultry', 'Yogurt', 'Soup', ""McDonald's"", 'Peach', 'Pudding', 'Seafood', 'Pie', 'Mayonnaise', 'Fruits', 'Feta', 'Chocolate cake', 'Ribs', 'Chicken soup', 'Bread', 'Watermelon', 'Pasta', 'Asparagus', 'Garlic bread', 'Chocolate', 'French onion soup', 'Vanilla', 'Stew', 'Jam', 'Spaghetti', 'Pumpkin pie', 'Curry', 'Cake', 'Toast', 'Carrot', 'Orange']"
European cuisine,Southern European cuisine,,Macedonian_cuisine_(Greek),2,"['Pork', 'Kiwifruit', 'Milk', 'Pear', 'Croquette', 'Rice', 'Omelette', 'Cheese', 'Butter', 'Sausage', 'Eggs', 'Meatball', 'Fish', 'Breakfast cereal', 'Meat', 'Kebab', 'Cabbage', 'Apple', 'Ice cream', 'Spinach', 'Beef', 'Cherry', 'Yogurt', 'Soup', 'Peach', 'Pudding', 'Pie', 'Fruits', 'Feta', 'Cereal', 'Bread', 'Pasta', 'Chocolate', 'Stew', 'Sauerkraut', 'Cake']"
European cuisine,Southern European cuisine,,Cretan_cuisine,2,"['Pork', 'Rice', 'Omelette', 'Cheese', 'Fish', 'Meat', 'Charcuterie', 'Poultry', 'Yogurt', 'Pie', 'Fruits', 'Flatbread', 'Pasta', 'Stew']"
European cuisine,Southern European cuisine,,Cypriot_cuisine,2,"['Pork', 'Milk', 'Pear', 'Avocado', 'Rice', 'Cheese', 'Butter', 'Eggs', 'Fish', 'Meat', 'Kebab', 'Cabbage', 'Apple', 'Corn', 'Spinach', 'Beef', 'Ham', 'Cherry', 'Charcuterie', 'Yogurt', 'Strawberry', 'Seafood', 'Fruits', 'Feta', 'Flatbread', 'Bread', 'Watermelon', 'Pasta', 'Stew', 'Jam', 'Blackberry', 'Cake', 'Carrot', 'Orange']"
European cuisine,Southern European cuisine,,Cuisine_of_the_Ionian_Islands,2,"['Pork', 'Omelette', 'Cheese', 'Fish', 'Meat', 'Soup', 'Pie', 'Bread', 'Pasta', 'Asparagus']"
European cuisine,Southern European cuisine,,Epirotic_cuisine,2,"['Cheese', 'Butter', 'Pie', 'Feta']"
European cuisine,Southern European cuisine,,Pontic_Greek_cuisine,2,"['Pork', 'Milk', 'Dumplings', 'Rice', 'Omelette', 'Cheese', 'Butter', 'Pierogi', 'Sausage', 'Eggs', 'Fish', 'Grains', 'Meat', 'Kebab', 'Cabbage', 'Corn', 'Beef', 'Poultry', 'Yogurt', 'Soup', 'Seafood', 'Pie', 'Fruits', 'French fries', 'Flatbread', 'Bread', 'Pasta', 'Jam', 'Cake', 'Toast']"
European cuisine,Southern European cuisine,,Italian_cuisine,1,"['Tomato soup', 'Pork', 'Kiwifruit', 'Milk', 'Sandwiches', 'Dumplings', 'Panini', 'Croquette', 'Steak', 'Turnover', 'Rice', 'Cheese', 'Carbonara', 'Butter', 'Minestrone', 'Sausage', 'Eggs', 'Parmigiano Reggiano', 'Parmesan', 'Bacon', 'Fried rice', 'Fish', 'Ravioli', 'Pizza', 'Grains', 'Milk chocolate', 'Meat', 'Cabbage', 'Apple', 'Ice cream', 'Corn', 'Spinach', 'Beef', 'Ham', 'Cherry', 'Poultry', 'Yogurt', 'Soup', 'Seafood', 'Pie', 'Fruits', 'Bolognese sauce', 'French fries', 'Chocolate cake', 'Bread', 'Lasagna', 'Watermelon', 'Pasta', 'Pizza Margherita', 'Asparagus', 'Chocolate', 'Vanilla', 'Stew', 'Spaghetti', 'Mozzarella', 'Sauerkraut', 'Cake', 'Carrot', 'Orange']"
European cuisine,Southern European cuisine,,Cuisine_of_Abruzzo,2,"['Pork', 'Milk', 'Rice', 'Cheese', 'Butter', 'Fettuccine', 'Sausage', 'Eggs', 'Parmesan', 'Bacon', 'Meatball', 'Fish', 'Pizza', 'Cornbread', 'Meat', 'Spinach', 'Beef', 'Ham', 'Pancake', 'Cherry', 'Charcuterie', 'Soup', 'Seafood', 'Cookie', 'Fruits', 'Ribs', 'Waffle', 'Bread', 'Lasagna', 'Pasta', 'Chocolate', 'Goat milk', 'Jam', 'Spaghetti', 'Mozzarella', 'Cake', 'Carrot', 'Orange']"
European cuisine,Southern European cuisine,,Italian-American_cuisine,2,"['Pork', 'Milk', 'Sandwiches', 'Spaghetti and meatballs', 'Steak', 'Turnover', 'Rice', 'Omelette', 'Cheese', 'Carbonara', 'Butter', 'Fettuccine', 'Sausage', 'Eggs', 'Parmigiano Reggiano', 'Parmesan', 'Meatball', 'Fish', 'Pizza', 'Grains', 'Meat', 'Corn', 'Beef', 'Ham', 'Pepperoni', 'Soup', 'Seafood', 'Pie', 'Cookie', 'Bolognese sauce', 'Flatbread', 'Waffle', 'Chicken parmesan', 'Bread', 'Lasagna', 'Pasta', 'Baguette', 'Asparagus', 'Garlic bread', 'Chocolate', 'Submarine sandwich', 'Vanilla', 'Stew', 'Spaghetti', 'Mozzarella', 'Gravy', 'Cake']"
European cuisine,Southern European cuisine,,Arbëreshë_cuisine,2,"['Fish', 'Pie']"
European cuisine,Southern European cuisine,,Cuisine_of_Basilicata,2,"['Pork', 'Milk', 'Pear', 'Omelette', 'Cheese', 'Butter', 'Sausage', 'Eggs', 'Bacon', 'Meatball', 'Fish', 'Ravioli', 'Pizza', 'Grains', 'Meat', 'Ice cream', 'Corn', 'Beef', 'Ham', 'Dark chocolate', 'Cherry', 'Soup', 'Raspberry', 'Pie', 'Cookie', 'Fruits', 'Cereal', 'White chocolate', 'Bread', 'Pasta', 'Chocolate', 'Stew', 'Jam', 'Mozzarella', 'Cake', 'Carrot', 'Orange']"
European cuisine,Southern European cuisine,,Calabrian_cuisine,2,"['Pork', 'Pear', 'Cheese', 'Bacon', 'Fish', 'Pizza', 'Meat', 'Ice cream', 'Corn', 'Peach', 'Fruits', 'Bread', 'Pasta', 'Orange']"
European cuisine,Southern European cuisine,,Corsican_cuisine,2,"['Pork', 'Milk', 'Rice', 'Cheese', 'Butter', 'Minestrone', 'Sausage', 'Eggs', 'Bacon', 'Donuts', 'Fish', 'Ravioli', 'Meat', 'Cabbage', 'Corn', 'Spinach', 'Beef', 'Ham', 'Pancake', 'Charcuterie', 'Soup', 'Strawberry', 'Pie', 'Fruits', 'Cereal', 'Bread', 'Pasta', 'Goat milk', 'Stew', 'Cake', 'Cheesecake', 'Orange']"
European cuisine,Southern European cuisine,,Roman_cuisine,2,"['Pork', 'Milk', 'Croquette', 'Rice', 'Cheese', 'Carbonara', 'Butter', 'Fettuccine', 'Sausage', 'Eggs', 'Parmesan', 'Bacon', 'Pizza', 'Meat', 'Beef', 'Pie', 'Shaved ice', 'Bread', 'Pasta', 'Stew', 'Spaghetti', 'Mozzarella', 'Carrot']"
European cuisine,Southern European cuisine,,Cuisine_of_Liguria,2,"['Pork', 'Milk', 'Steak', 'Rice', 'Cheese', 'Minestrone', 'Sausage', 'Eggs', 'Fish', 'Ravioli', 'Pizza', 'Meat', 'Cabbage', 'Apple', 'Soup', 'Seafood', 'Cookie', 'Fruits', 'Pasta', 'Chocolate', 'Jam', 'Mozzarella', 'Cake']"
European cuisine,Southern European cuisine,,Lombard_cuisine,2,"['Pork', 'Fried egg', 'Milk', 'Pear', 'Rice', 'Omelette', 'Cheese', 'Butter', 'Minestrone', 'Sausage', 'Eggs', 'Parmigiano Reggiano', 'Bacon', 'Fish', 'Ravioli', 'Grains', 'Meat', 'Cabbage', 'Apple', 'Corn', 'Spinach', 'Beef', 'Soup', 'Peach', 'Strawberry', 'Cookie', 'Fruits', 'Ribs', 'Bread', 'Pasta', 'Asparagus', 'Chocolate', 'Stew', 'Jam', 'Cake', 'Carrot', 'Orange']"
European cuisine,Southern European cuisine,,Cuisine_of_Mantua,3,"['Pork', 'Rice', 'Cheese', 'Parmesan', 'Fish', 'Beef', 'Ribs', 'Bread', 'Pasta', 'Stew', 'Cake']"
European cuisine,Southern European cuisine,,Neapolitan_cuisine,2,"['Pork', 'Milk', 'Spumoni', 'Shrimp and prawn', 'Rice', 'Omelette', 'Cheese', 'Butter', 'Sausage', 'Eggs', 'Parmesan', 'Meatball', 'Fish', 'Pizza', 'Meat', 'Cabbage', 'Apple', 'Beef', 'Ham', 'Cherry', 'Soup', 'Peach', 'Seafood', 'Pie', 'Fruits', 'Bolognese sauce', 'Scrambled egg', 'Bread', 'Lasagna', 'Watermelon', 'Pasta', 'Pizza Margherita', 'Baguette', 'Chocolate', 'Spaghetti', 'Mozzarella', 'Cake', 'Carrot', 'Orange']"
European cuisine,Southern European cuisine,,Apulian_cuisine,2,"['Milk', 'Pear', 'Croquette', 'Turnover', 'Rice', 'Cheese', 'Carbonara', 'Butter', 'Eggs', 'Fish', 'Pizza', 'Cracker', 'Grains', 'Meat', 'Spinach', 'Beef', 'Ham', 'Cherry', 'Poultry', 'Soup', 'Seafood', 'Fruits', 'Bread', 'Pasta', 'Spaghetti', 'Mozzarella', 'Orange']"
European cuisine,Southern European cuisine,,Sammarinese_cuisine,2,"['Milk', 'Cheese', 'Eggs', 'Bacon', 'Meat', 'Spinach', 'Beef', 'Ham', 'Soup', 'Flatbread', 'Bread', 'Pasta', 'Chocolate', 'Cake']"
European cuisine,Southern European cuisine,,Cuisine_of_Sardinia,2,"['Pork', 'Milk', 'Dumplings', 'Cheese', 'Sausage', 'Eggs', 'Fish', 'Ravioli', 'Meat', 'Cabbage', 'Soup', 'Poached egg', 'Seafood', 'Bread', 'Pasta', 'Asparagus', 'Spaghetti', 'Orange']"
European cuisine,Southern European cuisine,,Sicilian_cuisine,2,"['Croquette', 'Rice', 'Cheese', 'Fried rice', 'Fish', 'Pizza', 'Meat', 'Ice cream', 'Spinach', 'Poultry', 'Soup', 'Seafood', 'Pie', 'Fruits', 'Bread', 'Pasta', 'Chocolate', 'Spaghetti', 'Mozzarella', 'Orange']"
European cuisine,Southern European cuisine,,Tuscan_cuisine,2,"['Pork', 'Steak', 'Rice', 'Cheese', 'Carbonara', 'Minestrone', 'Meat', 'Cabbage', 'Beef', 'Soup', 'Fruits', 'Bread', 'Pasta', 'Spaghetti', 'Cake', 'Carrot']"
European cuisine,Southern European cuisine,,Venetian_cuisine,2,"['Duck', 'Pork', 'Milk', 'Pear', 'Panini', 'Rice', 'Cheese', 'Butter', 'Fettuccine', 'Eggs', 'Parmesan', 'Bacon', 'Fish', 'Ravioli', 'Pizza', 'Meat', 'Corn', 'Spinach', 'Beef', 'Soup', 'Pudding', 'Cow milk', 'Seafood', 'Fruits', 'Ribs', 'Bread', 'Pasta', 'Asparagus', 'Vanilla', 'Stew', 'Cake']"
European cuisine,Southern European cuisine,,Maltese_cuisine,1,"['Pork', 'Rice', 'Cheese', 'Sausage', 'Eggs', 'Fish', 'Ravioli', 'Pizza', 'Ice cream', 'bagel', 'Soup', 'Flatbread', 'Bread', 'Pasta', 'Chocolate', 'Stew']"
European cuisine,Southern European cuisine,,Monégasque_cuisine,1,"['Shrimp and prawn', 'Steak', 'Rice', 'Apricot', 'Omelette', 'Cheese', 'Butter', 'Eggs', 'Parmesan', 'Fish', 'Ravioli', 'Pizza', 'Meat', 'Apple', 'Croissant', 'Beef', 'Pancake', 'Cherry', 'Poultry', 'Soup', ""McDonald's"", 'Raspberry', 'Strawberry', 'Seafood', 'Pie', 'Cookie', 'Fruits', 'Flatbread', 'Bread', 'Pasta', 'Baguette', 'Asparagus', 'Chocolate', 'Stew', 'Jam', 'Salmon', 'Orange']"
European cuisine,Southern European cuisine,,Occitan_cuisine,1,"['Pork', 'Cheese', 'Butter', 'Fish', 'Meat', 'Cherry', 'Pie', 'Bread']"
European cuisine,Southern European cuisine,,Portuguese_cuisine,1,"['Duck', 'Pork', 'Fried egg', 'Milk', 'Sandwiches', 'Steak', 'Rice', 'Cheese', 'Butter', 'Sausage', 'Eggs', 'Bacon', 'Fish', 'Grains', 'Breakfast cereal', 'Meat', 'Cabbage', 'Apple', 'Corn', 'Beef', 'Ham', 'Charcuterie', 'Poultry', 'Yogurt', 'Soup', 'Pudding', 'Strawberry', 'Seafood', 'Mayonnaise', 'Fruits', 'Cereal', 'Chicken soup', 'Bread', 'Congee', 'Pasta', 'Asparagus', 'Chocolate', 'Vanilla', 'Stew', 'Jam', 'Curry', 'Cake', 'Toast', 'Orange']"
European cuisine,Southern European cuisine,,Spanish_cuisine,1,"['Pork', 'Milk', 'Shrimp and prawn', 'Avocado', 'Steak', 'Rice', 'Apricot', 'Omelette', 'Persimmon', 'Cheese', 'Butter', 'Sausage', 'Eggs', 'Bacon', 'Fish', 'Grains', 'Meat', 'Cabbage', 'Apple', 'Blue cheese', 'Spinach', 'Beef', 'Ham', 'Cherry', 'Soup', 'Peach', 'Pudding', 'Cow milk', 'Seafood', 'Mayonnaise', 'Cookie', 'Fruits', 'Mango', 'Bread', 'Watermelon', 'Baguette', 'Chocolate', 'Vanilla', 'Goat milk', 'Stew', 'Jam', 'Cake', 'Toast', 'Orange']"
European cuisine,Southern European cuisine,,Andalusian_cuisine,2,"['Pork', 'Shrimp and prawn', 'Fish', 'Meat', 'Ham', 'Seafood', 'Cookie', 'Bread']"
European cuisine,Southern European cuisine,,Asturian_cuisine,2,"['Pork', 'Shrimp and prawn', 'Rice', 'Cheese', 'Eggs', 'Bacon', 'Fish', 'Meat', 'Cabbage', 'Apple', 'Blue cheese', 'Pudding', 'Seafood', 'Fruits', 'Flatbread', 'Bread', 'Stew', 'Salmon', 'Toast']"
European cuisine,Southern European cuisine,,Aragonese_cuisine,2,"['Pizza', 'Ham', 'Cookie', 'Bread', 'Chocolate']"
European cuisine,Southern European cuisine,,Balearic_cuisine,2,"['Pork', 'Milk', 'Rice', 'Cheese', 'Butter', 'Sausage', 'Eggs', 'Parmesan', 'Fish', 'Pizza', 'Meat', 'Seafood', 'Mayonnaise', 'Cereal', 'Bread', 'Stew', 'Jam', 'Gravy']"
European cuisine,Southern European cuisine,,Basque_cuisine,2,"['Milk', 'Croquette', 'Steak', 'Omelette', 'Cheese', 'Sausage', 'Fish', 'Meat', 'Ice cream', 'Ham', 'Cherry', 'Soup', 'Seafood', 'Fruits', 'Asparagus', 'Chocolate', 'Stew', 'Cheesecake', 'Toast']"
European cuisine,Southern European cuisine,,Canarian_cuisine,2,"['Pork', 'Milk', 'Pineapple', 'Cheese', 'Fish', 'Meat', 'Cabbage', 'Ice cream', 'Corn', 'Beef', 'Soup', 'Seafood', 'Cookie', 'Fruits', 'Watercress soup', 'Grilled Cheese', 'Chocolate cake', 'Ribs', 'Chocolate', 'Stew', 'Cake', 'Carrot']"
European cuisine,Southern European cuisine,,Cantabrian_cuisine,2,"['Pork', 'Milk', 'Rice', 'Cheese', 'Fish', 'Meat', 'Cabbage', 'Pudding', 'Seafood', 'Stew', 'Jam', 'Salmon']"
European cuisine,Southern European cuisine,,Castilian-Leonese_cuisine,2,"['Pork', 'Milk', 'Cheese', 'Sausage', 'Meat', 'Apple', 'Ham']"
European cuisine,Southern European cuisine,,Castilian-Manchego_cuisine,2,"['Fried egg', 'Milk', 'Rice', 'Cheese', 'Sausage', 'Eggs', 'Fish', 'Mashed potatoes', 'Meat', 'Beef', 'Pudding', 'Fruits', 'Bread', 'Stew']"
European cuisine,Southern European cuisine,,Catalan_cuisine,2,"['Pork', 'Milk', 'Shrimp and prawn', 'Rice', 'Cheese', 'Sausage', 'Eggs', 'Fish', 'Meat', 'Ham', 'Poultry', 'Soup', 'Seafood', 'Pie', 'Fruits', 'Waffle', 'Cereal', 'White chocolate', 'Bread', 'Pasta', 'Chocolate', 'Stew', 'Jam']"
European cuisine,Southern European cuisine,,Andorran_cuisine,3,"['Pork', 'Milk', 'Shrimp and prawn', 'Rice', 'Cheese', 'Sausage', 'Eggs', 'Fish', 'Meat', 'Ham', 'Poultry', 'Soup', 'Seafood', 'Pie', 'Fruits', 'Waffle', 'Cereal', 'White chocolate', 'Bread', 'Pasta', 'Chocolate', 'Stew', 'Jam']"
European cuisine,Southern European cuisine,,Extremaduran_cuisine,2,"['Pork', 'Milk', 'Rice', 'Cheese', 'Sausage', 'Eggs', 'Fish', 'Meat', 'Cabbage', 'Ham', 'Cherry', 'Soup', 'Ribs', 'Bread', 'Asparagus', 'Alfajor', 'Goat milk', 'Stew']"
European cuisine,Southern European cuisine,,Galician_cuisine,2,"['Pork', 'Cheese', 'Sausage', 'Meat', 'Soup', 'Bread', 'Cake']"
European cuisine,Southern European cuisine,,Leonese_cuisine,2,"['Pork', 'Cheese', 'Meat', 'Beef', 'Ribs']"
European cuisine,Southern European cuisine,,Cuisine_of_the_Community_of_Madrid,2,"['Pork', 'Fried egg', 'Sausage', 'Eggs', 'Bacon', 'Donuts', 'Meat', 'Beef', 'Ham', 'Soup', 'French fries', 'Bread', 'Stew', 'Cake', 'Toast']"
European cuisine,Southern European cuisine,,Cuisine_of_Minorca,2,"['Pork', 'Milk', 'Shrimp and prawn', 'Rice', 'Cheese', 'Sausage', 'Eggs', 'Bacon', 'Boiled egg', 'Fish', 'Meat', 'Cabbage', 'Spinach', 'Beef', 'Soup', 'Pudding', 'Seafood', 'Mayonnaise', 'Cookie', 'Fruits', 'Flatbread', 'Bread', 'Pasta', 'Asparagus', 'Chocolate', 'Stew', 'Jam', 'Gravy', 'Cake', 'Orange']"
European cuisine,Southern European cuisine,,Valencian_cuisine,2,"['Milk', 'Rice', 'Bacon', 'Fish', 'Pizza', 'Meat', 'Apple', 'Seafood', 'Pie', 'Fruits', 'Bread', 'Stew', 'Cake', 'Orange']"
European cuisine,Southern European cuisine,,Sephardic_Jewish_cuisine,1,"['Milk', 'Rice', 'Cheese', 'Eggs', 'Boiled egg', 'Fish', 'Meat', 'Cabbage', 'Corn', 'Spinach', 'Beef', 'Pancake', 'Cherry', 'Soup', 'Pudding', 'Pie', 'Cookie', 'Fruits', 'Feta', 'Bread', 'Chocolate', 'Vanilla', 'Stew', 'Cake', 'Orange']"
European cuisine,Western European cuisine,,Belgian_cuisine,1,"['Pork', 'Kiwifruit', 'Milk', 'Sandwiches', 'Pineapple', 'Croquette', 'Avocado', 'Steak', 'Rice', 'Cheese', 'Hamburgers', 'Butter', 'Sausage', 'Eggs', 'Bacon', 'Fish', 'Pizza', 'Meat', 'Cabbage', 'Apple', 'Beef', 'Ham', 'Pancake', 'Cherry', 'Poultry', 'Soup', 'Peach', 'Pudding', 'Seafood', 'Banana', 'Pie', 'Mayonnaise', 'Fruits', 'French fries', 'Waffle', 'Bread', 'Baguette', 'Asparagus', 'Chocolate', 'Stew', 'Jam', 'Spaghetti', 'Curry', 'Carrot', 'Orange']"
European cuisine,Western European cuisine,,Dutch_cuisine,1,"['Pork', 'Fried egg', 'Milk', 'Pear', 'Sandwiches', 'Shrimp and prawn', 'Pineapple', 'Croquette', 'Steak', 'Rice', 'Apricot', 'Cheese', 'Butter', 'Apple pie', 'Sausage', 'Eggs', 'Sprinkles', 'Bacon', 'Fried rice', 'Meatball', 'Fish', 'Cracker', 'Milk chocolate', 'Kruidnoten', 'Mashed potatoes', 'Meat', 'Kebab', 'Cabbage', 'Speculaas', 'Apple', 'Ice cream', 'Corn', 'Spinach', 'Beef', 'Ham', 'Dark chocolate', 'Pancake', 'Cherry', 'Yogurt', 'Lumpia', 'Soup', ""McDonald's"", 'Pudding', 'Strawberry', 'Seafood', 'Banana', 'Onion rings', 'Pie', 'Mayonnaise', 'Cookie', 'Fruits', 'French fries', 'Waffle', 'White chocolate', 'Bread', 'Asparagus', 'Chocolate', 'Vanilla', 'Stew', 'Jam', 'Salmon', 'Sauerkraut', 'Curry', 'Gravy', 'Cake', 'Toast', 'Carrot', 'Orange']"
European cuisine,Western European cuisine,,Frisian_cuisine,2,"['Pork', 'Milk', 'Pineapple', 'Dumplings', 'Butter', 'Sausage', 'Eggs', 'Sprinkles', 'Bacon', 'Fish', 'Mashed potatoes', 'Meat', 'Beef', 'Soup', 'Seafood', 'Fruits', 'Bread', 'Chocolate', 'Vanilla', 'Stew', 'Gravy', 'Cake', 'Orange']"
European cuisine,Western European cuisine,,Limburgian_cuisine,2,"['Cheese', 'Butter', 'Sausage', 'Eggs', 'Bacon', 'Meat', 'Beef', 'Ham', 'Pudding', 'Pie', 'French fries', 'Bread', 'Asparagus', 'Stew']"
European cuisine,Western European cuisine,,French_cuisine,1,"['Duck', 'Pork', 'Milk', 'Pear', 'Sandwiches', 'Steak', 'Rice', 'Apricot', 'Omelette', 'Cheese', 'Butter', 'Sausage', 'Eggs', 'Bacon', 'Boiled egg', 'Fish', 'Grains', 'Meat', 'Apple', 'Corn', 'Croissant', 'Spinach', 'Beef', 'Ham', 'Cherry', 'Charcuterie', 'Poultry', 'Yogurt', 'Soup', 'Peach', 'Raspberry', 'Seafood', 'Pie', 'Mayonnaise', 'Fruits', 'Parfait', 'Waffle', 'Bread', 'Pasta', 'Baguette', 'Chocolate', 'Stew', 'Jam', 'Salmon', 'Sauerkraut', 'Curry', 'Cake', 'Carrot']"
European cuisine,Western European cuisine,,Cajun_cuisine,2,"['Duck', 'Pork', 'Shrimp and prawn', 'Steak', 'Rice', 'Cheese', 'Hamburgers', 'Butter', 'Sausage', 'Bacon', 'Fish', 'Cornbread', 'Meat', 'Corn', 'Beef', 'Ham', 'Poultry', 'Seafood', 'Mayonnaise', 'Bread', 'Baguette', 'Chocolate', 'Gravy', 'Carrot']"
European cuisine,Western European cuisine,,Haute_cuisine,2,"['Butter', 'Meat']"
European cuisine,Western European cuisine,,Lyonnaise_cuisine,2,"['Pork', 'Milk', 'Cheese', 'Butter', 'Sausage', 'Bacon', 'Fish', 'Meat', 'Ice cream', 'Corn', 'Beef', 'Ham', 'Roast chicken', 'Charcuterie', 'Poultry', 'Soup', 'Poached egg', 'Peach', 'Raspberry', 'Fruits', 'Goat milk', 'Stew', 'Sauerkraut']"
European cuisine,Western European cuisine,,Nouvelle_cuisine,2,"['Butter', 'Fish', 'Meat', 'Seafood']"
European cuisine,Western European cuisine,,Occitan_cuisine,2,"['Pork', 'Cheese', 'Butter', 'Fish', 'Meat', 'Cherry', 'Pie', 'Bread']"
European cuisine,Western European cuisine,,Cuisine_of_Quebec,2,"['Duck', 'Pork', 'Kiwifruit', 'Burrito', 'Milk', 'Pear', 'Sandwiches', 'Shrimp and prawn', 'Pineapple', 'Avocado', 'Steak', 'Rice', 'Cheese', 'Hamburgers', 'Butter', 'Sausage', 'Eggs', 'Bacon', 'Meatball', 'Fish', 'Pizza', 'Grains', 'Mashed potatoes', 'Meat', 'Cabbage', 'Apple', 'Blue cheese', 'Ice cream', 'Corn', 'Croissant', 'Spinach', 'Blueberry', 'Cranberry', 'Beef', 'Ham', 'Pancake', 'Cherry', 'Charcuterie', 'bagel', 'Poultry', 'Soup', 'Raspberry', 'Pudding', 'Strawberry', 'Seafood', 'Banana', 'Onion rings', 'Pie', 'Fruits', 'Mac and Cheese', 'Bolognese sauce', 'Grilled Cheese', 'French fries', 'Chocolate cake', 'Cereal', 'Sushi', 'Carrot cake', 'Chowder', 'Poutine', 'Mango', 'Bread', 'Lasagna', 'Watermelon', 'Dragonfruit', 'Asparagus', 'Chocolate', 'Hot dog', 'Stew', 'Spaghetti', 'Salmon', 'Blackberry', 'Cantaloupe', 'Curry', 'Gravy', 'Cake', 'Toast', 'Carrot', 'Orange']"
European cuisine,Western European cuisine,,Cuisine_of_Luxembourg,1,"['Pork', 'Pear', 'Dumplings', 'Cheese', 'Fish', 'Mashed potatoes', 'Meat', 'Apple', 'Ham', 'Pancake', 'Cherry', 'Soup', 'Peach', 'Pudding', 'Pie', 'Pretzel', 'Sauerkraut', 'Cake', 'Toast']"
European cuisine,British Isles cuisine,,British_cuisine,2,"['Duck', 'Pork', 'Milk', 'Sandwiches', 'Steak', 'Rice', 'Cheese', 'Hamburgers', 'Butter', 'Minestrone', 'Apple pie', 'Sausage', 'Eggs', 'Bacon', 'Fish', 'Buffalo wing', 'Pizza', 'Grains', 'Meat', 'Kebab', 'Apple', 'Ice cream', 'Corn', 'Spinach', 'Beef', 'Ham', 'Roast chicken', 'Cherry', 'Biryani', 'Soup', 'Peach', 'Pudding', 'Seafood', 'Pie', 'Fruits', 'Butter chicken', 'Peking duck', 'Feta', 'French fries', 'Cereal', 'Carrot cake', 'Bread', 'Asparagus', 'Chocolate', 'Vanilla', 'Stew', 'Jam', 'Spaghetti', 'Salmon', 'Curry', 'Gravy', 'Cake', 'Cheesecake', 'Toast', 'Carrot', 'Orange', 'Cheddar cheese']"
European cuisine,British Isles cuisine,,Anglo-Indian_cuisine,3,"['Duck', 'Pork', 'Milk', 'Steak', 'Rice', 'Butter', 'Eggs', 'Bacon', 'Boiled egg', 'Fish', 'Meat', 'Soup', 'Pudding', 'Banana', 'Bread', 'Jam', 'Curry', 'Cake', 'Orange']"
European cuisine,British Isles cuisine,,British_Chinese_cuisine,3,"['Duck', 'Chicken balls', 'Fish', 'Pancake', 'Cherry', 'Peking duck', 'French fries', 'Curry']"
European cuisine,British Isles cuisine,,Channel_Islands_cuisine,3,"['Pork', 'Milk', 'Butter', 'Meat', 'Cabbage', 'Apple', 'Soup', 'Seafood', 'Bread', 'Stew', 'Jam', 'Cake']"
European cuisine,British Isles cuisine,,English_cuisine,3,"['Duck', 'Pork', 'Milk', 'Sandwiches', 'Steak', 'Rice', 'Cheese', 'Butter', 'Minestrone', 'Sausage', 'Eggs', 'Parmesan', 'Bacon', 'Fish', 'Pizza', 'Mashed potatoes', 'Breakfast cereal', 'Meat', 'Kebab', 'Apple', 'Ice cream', 'Spinach', 'Beef', 'Roast chicken', 'Poultry', 'Soup', 'Raspberry', 'Pudding', 'Pie', 'Mayonnaise', 'Fruits', 'Feta', 'French fries', 'Cereal', 'Scrambled egg', 'Bread', 'Lasagna', 'Chocolate', 'Stew', 'Jam', 'Spaghetti', 'Curry', 'Cake', 'Toast', 'Carrot', 'Orange']"
European cuisine,British Isles cuisine,,Cornish_cuisine,4,"['Pork', 'Milk', 'Brie', 'Steak', 'Cheese', 'Sausage', 'Fish', 'Meat', 'Apple', 'Blue cheese', 'Ice cream', 'Beef', 'Cherry', 'Pudding', 'Seafood', 'Pie', 'Bread', 'Cornish fairing', 'Jam', 'Blackberry', 'Cake', 'Toast']"
European cuisine,British Isles cuisine,,Cuisine_of_Devon,4,"['Pork', 'Rice', 'Cheese', 'Bacon', 'Fish', 'Meat', 'Apple', 'Ice cream', 'Beef', 'Pudding', 'Seafood', 'Pie', 'Fruits', 'Bread', 'Jam', 'Blackberry']"
European cuisine,British Isles cuisine,,Cuisine_of_Dorset,4,"['Cheese', 'Fish', 'Grains', 'Meat', 'Beef', 'Poultry', 'Pudding', 'Seafood', 'Pie', 'Bread', 'Cake']"
European cuisine,British Isles cuisine,,Northern_Irish_cuisine,3,"['Pork', 'Milk', 'Cheese', 'Butter', 'Sausage', 'Bacon', 'Fish', 'Mashed potatoes', 'Meat', 'Beef', 'Cherry', 'Soup', 'Raspberry', 'Pudding', 'Seafood', 'Chowder', 'Bread', 'Chocolate', 'Stew', 'Jam', 'Salmon', 'Gravy', 'Cake', 'Toast']"
European cuisine,British Isles cuisine,,Scottish_cuisine,3,"['Milk', 'Sandwiches', 'Brie', 'Rice', 'Cheese', 'Butter', 'Sausage', 'Eggs', 'Bacon', 'Fish', 'Pizza', 'Cracker', 'Meat', 'Cabbage', 'Apple', 'Beef', 'Ham', 'Pancake', 'Cherry', 'Poultry', 'Soup', ""McDonald's"", 'Raspberry', 'Pudding', 'Seafood', 'Pie', 'Flatbread', 'Cereal', 'Bread', 'Chocolate', 'Jam', 'Salmon', 'Curry', 'Cake', 'Orange']"
European cuisine,British Isles cuisine,,Welsh_cuisine,3,"['Pork', 'Milk', 'Dumplings', 'Steak', 'Cheese', 'Butter', 'Sausage', 'Bacon', 'Fish', 'Meat', 'Cabbage', 'Ice cream', 'Corn', 'Beef', 'Soup', 'Seafood', 'Cereal', 'Bread', 'Stew', 'Salmon', 'Cake', 'Toast']"
European cuisine,British Isles cuisine,,Cuisine_of_Carmarthenshire,4,"['Pork', 'Milk', 'Cheese', 'Butter', 'Bacon', 'Fish', 'Meat', 'Cabbage', 'Apple', 'Ice cream', 'Beef', 'Ham', 'Soup', 'Pie', 'Mayonnaise', 'Waffle', 'Bread', 'Vanilla', 'Stew', 'Salmon', 'Cake', 'Carrot', 'Orange']"
European cuisine,British Isles cuisine,,Cuisine_of_Ceredigion,4,"['Duck', 'Pork', 'Milk', 'Turnover', 'Rice', 'Cheese', 'Butter', 'Eggs', 'Parmesan', 'Bacon', 'Fish', 'Meat', 'Kebab', 'Cabbage', 'Apple', 'Cranberry', 'Beef', 'Ham', 'Pancake', 'Poultry', 'Soup', 'Raspberry', 'Pudding', 'Seafood', 'Pie', 'Waffle', 'Bread', 'Salmon', 'Blackberry', 'Cake', 'Carrot', 'Orange', 'Cheddar cheese']"
European cuisine,British Isles cuisine,,Cuisine_of_Gower,4,"['Pork', 'Milk', 'Shrimp and prawn', 'Steak', 'Omelette', 'Cheese', 'Butter', 'Eggs', 'Bacon', 'Fish', 'Meat', 'Ice cream', 'Corn', 'Beef', 'Poultry', 'Soup', 'Pudding', 'Seafood', 'Pie', 'Chowder', 'Bread', 'Asparagus', 'Chocolate', 'Stew', 'Cake']"
European cuisine,British Isles cuisine,,Cuisine_of_Monmouthshire,4,"['Duck', 'Pork', 'Milk', 'Pear', 'Steak', 'Cheese', 'Butter', 'Apple pie', 'Eggs', 'Parmesan', 'Bacon', 'Fish', 'Meat', 'Apple', 'Ice cream', 'Spinach', 'Beef', 'Ham', 'Pancake', 'Poultry', 'Soup', 'Peach', 'Pudding', 'Pie', 'Fruits', 'Bread', 'Watermelon', 'Vanilla', 'Stew', 'Jam', 'Salmon', 'Blackberry', 'Cake', 'Toast', 'Carrot', 'Orange', 'Cheddar cheese']"
European cuisine,British Isles cuisine,,Cuisine_of_Pembrokeshire,4,"['Duck', 'Milk', 'Brie', 'Cheese', 'Sausage', 'Eggs', 'Fish', 'Meat', 'Apple', 'Ice cream', 'Corn', 'Beef', 'Ham', 'Poultry', 'Soup', 'Pudding', 'Seafood', 'Mango', 'Bread', 'Asparagus', 'Chocolate', 'Salmon', 'Cake', 'Toast']"
European cuisine,British Isles cuisine,,Irish_cuisine,2,"['Duck', 'Pork', 'Milk', 'Pear', 'Cheese', 'Butter', 'Sausage', 'Eggs', 'Bacon', 'Fish', 'Pizza', 'Grains', 'Mashed potatoes', 'Meat', 'Kebab', 'Cabbage', 'Apple', 'Beef', 'Ham', 'Pancake', 'Cherry', 'Poultry', 'Raspberry', 'Pudding', 'Strawberry', 'Seafood', 'Fruits', 'Flatbread', 'Cereal', 'Chowder', 'Bread', 'Goat milk', 'Stew', 'Salmon', 'Blackberry', 'Curry', 'Cake']"
Oceanic cuisine,,,Australian_cuisine,2,"['Kiwifruit', 'Fried egg', 'Milk', 'Sandwiches', 'Pineapple', 'Avocado', 'Steak', 'Cheese', 'Hamburgers', 'Butter', 'Sausage', 'Eggs', 'Bacon', 'Donuts', 'Fish', 'Pizza', 'Meat', 'Kebab', 'Cabbage', 'Apple', 'Spinach', 'Beef', 'Ham', 'Roast chicken', 'Pancake', 'Poultry', 'Soup', 'Peach', 'Pudding', 'Seafood', 'Banana', 'Pie', 'Fruits', 'French fries', 'Mango', 'Bread', 'Asparagus', 'Chocolate', 'Vanilla', 'Stew', 'Jam', 'Salmon', 'Gravy', 'Cake', 'Toast']"
Oceanic cuisine,,,Australian_Chinese_cuisine,3,"['Duck', 'Pork', 'Steak', 'Rice', 'Fried rice', 'Bok choy', 'Fish', 'Meat', 'Cabbage', 'Spinach', 'Beef', 'Ham', 'Roast chicken', 'Pancake', 'Seafood', 'Peking duck', 'Mango', 'Congee']"
Oceanic cuisine,,,Tasmanian_cuisine,3,"['Bacon', 'Fish', 'Meat', 'Apple', 'Corn', 'Blueberry', 'Cherry', 'Seafood', 'Pie', 'Fruits', 'Salmon', 'Curry', 'Orange']"
Oceanic cuisine,,,New_Zealand_cuisine,2,"['Pork', 'Sandwiches', 'Pineapple', 'Brie', 'Dumplings', 'Avocado', 'Steak', 'Rice', 'Hokey pokey', 'Cheese', 'Butter', 'Sausage', 'Bacon', 'Afghan biscuits', 'Fish', 'Pizza', 'Grains', 'Meat', 'Ice cream', 'Corn', 'Beef', 'Ham', 'Pancake', 'Poultry', ""McDonald's"", 'Seafood', 'Pie', 'Fruits', 'Butter chicken', 'Sushi', 'Mango', 'Bread', 'Pasta', 'Chocolate', 'Cake']"
Oceanic cuisine,,,New_Zealand_Chinese_cuisine,3,"['Duck', 'Pork', 'Wonton', 'Steak', 'Rice', 'Omelette', 'Fried rice', 'Fish', 'Meat', 'Cabbage', 'Beef', 'Soup', 'Fruits']"
Oceanic cuisine,,,Fijian_cuisine,2,"['Pork', 'Milk', 'Pineapple', 'Rice', 'Butter', 'Eggs', 'Fish', 'Pizza', 'Meat', 'Cabbage', 'Spinach', 'Beef', 'Soup', ""McDonald's"", 'Pudding', 'Seafood', 'Banana', 'Pie', 'Cereal', 'Bread', 'Stew', 'Curry', 'Cake', 'Carrot']"
Oceanic cuisine,,,New_Caledonian_cuisine,2,"['Duck', 'Pork', 'Milk', 'Pear', 'Sandwiches', 'Steak', 'Rice', 'Apricot', 'Omelette', 'Cheese', 'Butter', 'Sausage', 'Eggs', 'Bacon', 'Boiled egg', 'Fish', 'Grains', 'Meat', 'Apple', 'Corn', 'Croissant', 'Spinach', 'Beef', 'Ham', 'Cherry', 'Charcuterie', 'Poultry', 'Yogurt', 'Soup', 'Peach', 'Raspberry', 'Seafood', 'Pie', 'Mayonnaise', 'Fruits', 'Parfait', 'Waffle', 'Bread', 'Pasta', 'Baguette', 'Chocolate', 'Stew', 'Jam', 'Salmon', 'Sauerkraut', 'Curry', 'Cake', 'Carrot']"
Oceanic cuisine,,,Papua_New_Guinean_cuisine,2,"['Pork', 'Milk', 'Rice', 'Fish', 'Meat', 'Pancake', 'Pudding', 'Seafood', 'Banana']"
Oceanic cuisine,,,Solomon_Islands_cuisine,2,"['Rice', 'Fish', 'Meat', 'Pudding', 'Banana', 'Fruits']"
Oceanic cuisine,,,Vanuatuan_cuisine,2,"['Milk', 'Rice', 'Fried rice', 'Fish', 'Pizza', 'Meat', 'Beef', 'Poultry', 'Pudding', 'Seafood', 'Banana', 'Fruits', 'Bread', 'Stew', 'Curry']"
Oceanic cuisine,,,Cuisine_of_the_Mariana_Islands,2,"['Pork', 'Milk', 'Shrimp and prawn', 'Rice', 'Fish', 'Meat', 'Beef', 'Poultry', 'Lumpia', 'Soup', 'Pudding', 'Seafood', 'Banana', 'Cookie', 'Ribs', 'Spring roll', 'Cake', 'Orange']"
Oceanic cuisine,,,Marshallese_cuisine,2,"['Pork', 'Milk', 'Rice', 'Fish', 'Meat', 'Seafood', 'Banana', 'Pie']"
Oceanic cuisine,,,Nauruan_cuisine,2,"['Milk', 'Fish', 'Seafood', 'Banana', 'Fruits', 'Cake']"
Oceanic cuisine,,,Palauan_cuisine,2,"['Pork', 'Fish', 'Soup']"
Oceanic cuisine,,,Cuisine_of_Hawaii,2,"['Pork', 'Milk', 'Sandwiches', 'Pineapple', 'Wonton', 'Steak', 'Turnover', 'Rice', 'Cheese', 'Sausage', 'Eggs', 'Fried rice', 'Fish', 'Meat', 'Cabbage', 'Beef', 'Soup', 'Pudding', 'Seafood', 'Banana', 'Mayonnaise', 'Fruits', 'Sushi', 'Bread', 'Stew', 'Salmon', 'Curry', 'Gravy']"
Oceanic cuisine,,,Niuean_cuisine,2,"['Milk', 'Fish', 'Meat', 'Ham', 'Pudding', 'Seafood', 'Banana', 'Fruits', 'Bread']"
Oceanic cuisine,,,Pascuense_cuisine,2,"['Pork', 'Pineapple', 'Turnover', 'Fish', 'Meat', 'Apple', 'Poultry', 'Pudding', 'Seafood', 'Banana', 'Ribs', 'Bread']"
Oceanic cuisine,,,Pitcairn_Islands_cuisine,2,"['Hardtack', 'Pineapple', 'Dumplings', 'Avocado', 'Rice', 'Fish', 'Meat', 'Corn', 'Beef', 'Banana', 'Pie', 'Fruits', 'Mango', 'Bread', 'Watermelon', 'Cantaloupe', 'Orange']"
Oceanic cuisine,,,Samoan_cuisine,2,"['Milk', 'Rice', 'Fish', 'Beef', 'Soup', 'Spaghetti']"
Oceanic cuisine,,,Tuvaluan_cuisine,2,"['Pork', 'Milk', 'Rice', 'Fish', 'Spinach', 'Beef', 'Soup', 'Seafood', 'Banana']"
Oceanic cuisine,,,Wallis_and_Futuna_cuisine,2,"['Pork', 'Cherry', 'Mango']"
